ticker,name,date,obv,obv_change_20d,ad_line,ad_change_20d,mfi,vol_ratio_5d_20d,surge_count_5d,surge_count_20d,supply_demand_score,supply_demand_stage
A,A,2026-03-19,92136352.0,-2.02,46557540.14993005,1.71,36.4,0.64,0,2,45,Neutral
AAPL,AAPL,2026-03-19,3295340589.0,-5.76,6508652850.256481,-0.27,33.9,0.83,0,0,40,Distribution
ABBV,ABBV,2026-03-19,587450009.0,-2.41,472191594.59564835,0.53,23.7,0.76,0,0,45,Neutral
ABNB,ABNB,2026-03-19,71880565.0,0.43,227738485.58430922,4.87,50.7,0.68,0,0,45,Neutral
ABT,ABT,2026-03-19,273662910.0,-10.37,297341868.8286043,0.18,24.2,0.97,0,0,30,Distribution
ACGL,ACGL,2026-03-19,329308147.0,0.42,112999738.99080883,-2.52,29.4,0.93,0,0,45,Neutral
ACN,ACN,2026-03-19,36936184.0,-6.68,102422190.63180281,-8.06,68.2,0.92,0,0,30,Distribution
ADBE,ADBE,2026-03-19,-95887723.0,-5.13,49130451.399823636,-19.75,37.6,1.41,2,3,30,Distribution
ADI,ADI,2026-03-19,217694968.0,-4.14,207515542.9317578,-1.96,27.9,0.71,0,0,45,Neutral
ADM,ADM,2026-03-19,180612136.0,7.67,28616367.260533158,8.16,66.5,1.09,0,2,70,Strong Accumulation
ADP,ADP,2026-03-19,30514326.0,3.38,126643751.44311823,4.55,65.8,0.79,0,0,50,Neutral
ADSK,ADSK,2026-03-19,54927559.0,16.97,50322865.42214618,12.55,42.9,0.68,0,1,75,Strong Accumulation
AEE,AEE,2026-03-19,97663390.0,8.43,86995024.25909214,5.93,60.5,0.84,0,0,70,Strong Accumulation
AEP,AEP,2026-03-19,257344798.0,0.51,184426420.54751077,4.89,49.5,1.09,0,0,50,Neutral
AES,AES,2026-03-19,95146300.0,-32.85,-279436875.4304925,-33.78,34.0,0.74,0,3,20,Strong Distribution
AFL,AFL,2026-03-19,307090752.0,-0.13,107929560.25413506,-2.45,32.8,0.8,0,0,50,Neutral
AIG,AIG,2026-03-19,344905480.0,-3.15,-174745259.17861226,-8.68,32.6,0.82,0,1,40,Distribution
AIZ,AIZ,2026-03-19,48815563.0,-2.32,9213471.367273515,3.22,36.9,0.89,0,0,50,Neutral
AJG,AJG,2026-03-19,80291168.0,-3.13,56520843.94140788,3.26,35.2,0.79,0,0,50,Neutral
AKAM,AKAM,2026-03-19,96866772.0,4.26,-14934791.428237678,50.02,59.5,0.83,0,1,65,Accumulation
ALB,ALB,2026-03-19,126277588.0,-2.7,-6999407.577746618,22.64,37.9,0.68,0,0,60,Accumulation
ALGN,ALGN,2026-03-19,-36634118.0,-5.13,15137044.709467845,17.4,47.8,1.21,0,0,60,Accumulation
ALL,ALL,2026-03-19,72334671.0,-0.84,18723323.134416133,0.58,46.6,0.83,0,0,50,Neutral
ALLE,ALLE,2026-03-19,32699283.0,-4.6,12316091.780594658,-13.4,27.3,0.75,0,0,30,Distribution
ALNY,ALNY,2026-03-19,67129799.0,0.51,52123855.129781164,4.05,34.9,1.01,0,0,50,Neutral
AMAT,AMAT,2026-03-19,394740136.0,-1.07,336386194.1565842,2.56,43.0,0.81,0,0,50,Neutral
AMCR,AMCR,2026-03-19,-373410941.0,-4.3,-139791789.4834164,-7.3,16.9,0.88,0,0,35,Distribution
AMD,AMD,2026-03-19,2258500430.0,-2.12,2294213964.3113484,1.92,57.0,0.8,0,1,50,Neutral
AME,AME,2026-03-19,107475712.0,-6.12,61037586.44809885,1.09,9.3,0.86,0,1,35,Distribution
AMGN,AMGN,2026-03-19,75147796.0,1.82,142928788.89972284,1.68,28.8,0.81,0,0,45,Neutral
AMP,AMP,2026-03-19,34750319.0,-8.27,22615731.37266818,-2.31,16.7,1.08,1,1,35,Distribution
AMT,AMT,2026-03-19,31085554.0,37.34,91559494.47961417,9.71,52.9,0.92,0,0,75,Strong Accumulation
AMZN,AMZN,2026-03-19,3778293069.0,-2.19,2423574663.8975067,7.47,42.2,0.82,0,0,60,Accumulation
ANET,ANET,2026-03-19,1116973240.0,0.14,715420850.675759,2.84,43.8,0.84,0,0,50,Neutral
AON,AON,2026-03-19,71059362.0,3.01,35111850.85339885,-4.89,39.7,0.83,0,0,50,Neutral
AOS,AOS,2026-03-19,-18075371.0,-126.01,-4081457.9411379737,1.28,10.7,1.03,0,1,30,Distribution
APA,APA,2026-03-19,917689968.0,11.6,-180038695.43162385,19.03,89.8,0.91,0,1,85,Strong Accumulation
APD,APD,2026-03-19,71432295.0,2.75,74383283.14872208,4.38,55.2,0.76,0,1,50,Neutral
APH,APH,2026-03-19,675866184.0,-4.21,523860722.9805226,-2.8,50.3,0.98,0,0,50,Neutral
APO,APO,2026-03-19,269060661.0,-6.16,79947449.59904546,18.8,45.3,0.91,0,1,55,Accumulation
APP,APP,2026-03-19,506530990.0,-0.23,316993260.1638949,5.26,48.9,0.71,0,0,60,Accumulation
APTV,APTV,2026-03-19,-19053233.0,-20.43,20513556.091038384,-10.83,38.6,0.95,0,0,20,Strong Distribution
ARE,ARE,2026-03-19,-77762058.0,-18.09,-42507729.834741145,11.58,29.3,0.74,0,1,45,Neutral
ARES,ARES,2026-03-19,88969922.0,-10.14,82867315.21940431,1.3,44.0,0.95,0,1,35,Distribution
ARM,ARM,2026-03-19,230252548.0,-0.23,123286921.52051346,1.57,48.1,1.05,0,0,50,Neutral
ASML,ASML,2026-03-19,53346269.0,-11.14,78487590.03954339,3.94,39.3,0.86,0,0,35,Distribution
ATO,ATO,2026-03-19,146858214.0,2.12,72210954.13157801,8.75,48.4,0.73,0,1,60,Accumulation
AVB,AVB,2026-03-19,-16899918.0,-20.96,35713737.35406719,2.37,32.0,0.92,0,0,35,Distribution
AVGO,AVGO,2026-03-19,2828345170.0,-4.54,1639632677.5409331,3.26,47.4,1.0,0,1,50,Neutral
AVY,AVY,2026-03-19,-4615860.0,-437.77,17684851.70465803,-8.19,7.9,0.93,0,0,20,Strong Distribution
AWK,AWK,2026-03-19,50039978.0,23.6,41301544.25841061,19.79,42.1,0.88,0,0,80,Strong Accumulation
AXON,AXON,2026-03-19,118937259.0,1.08,30952898.176329754,16.86,36.9,0.63,0,0,60,Accumulation
AXP,AXP,2026-03-19,39181502.0,-48.25,228852945.8494019,-0.91,32.7,0.66,0,3,30,Distribution
AZN,AZN,2026-01-13,543569637.0,2.0,-184535814.63315493,-1.47,39.9,1.44,1,1,55,Accumulation
AZO,AZO,2026-03-19,14317640.0,-1.4,10962631.89177884,2.67,38.6,0.83,0,1,50,Neutral
BA,BA,2026-03-19,3175479.0,-91.73,-946367305.6438218,0.87,38.9,1.12,0,1,35,Distribution
BAC,BAC,2026-03-19,428704382.0,-45.05,809631206.3821332,-0.92,32.4,0.75,0,0,35,Distribution
BALL,BALL,2026-03-19,22709994.0,-27.04,23270314.49531603,8.09,29.9,0.84,0,0,40,Distribution
BAX,BAX,2026-03-19,-81546884.0,-107.64,-43361781.429211505,12.27,38.7,0.85,0,1,50,Neutral
BBY,BBY,2026-03-19,81902886.0,-5.32,-40533445.70636522,6.11,40.6,0.58,0,3,45,Neutral
BDX,BDX,2026-03-19,-78284822.0,-39.5,49544978.04406413,-5.74,20.1,0.73,0,0,20,Strong Distribution
BEN,BEN,2026-03-19,-24596839.0,2.53,-17046918.37791867,0.73,57.1,0.85,0,0,50,Neutral
BF-B,BF-B,2026-03-19,-90446422.0,-29.8,-132101590.711855,-32.41,15.8,0.79,0,2,15,Strong Distribution
BG,BG,2026-03-19,114496818.0,0.5,67606014.92634931,6.53,69.7,0.93,0,1,60,Accumulation
BIIB,BIIB,2026-03-19,-44646606.0,1.03,-28907248.196673937,3.04,49.2,1.04,0,0,50,Neutral
BK,BK,2026-03-19,478301313.0,-2.56,239755730.313364,3.71,44.7,0.81,0,0,50,Neutral
BKNG,BKNG,2026-03-19,1531809.0,40.81,3670936.2436851556,79.14,51.1,0.49,0,0,75,Strong Accumulation
BKR,BKR,2026-03-19,524480418.0,-2.89,335444797.93353015,-3.25,34.5,1.25,1,1,55,Accumulation
BLDR,BLDR,2026-03-19,102702944.0,-17.69,-30372421.564364802,-3.49,31.6,0.89,0,0,35,Distribution
BLK,BLK,2026-03-19,80782654.0,-2.34,47255635.19688949,1.62,33.2,1.07,0,1,50,Neutral
BMY,BMY,2026-03-19,300512809.0,-3.3,-375412826.92845565,5.61,49.0,0.82,0,0,60,Accumulation
BR,BR,2026-03-19,7020413.0,47.23,40836199.06560118,6.79,39.9,0.99,0,0,75,Strong Accumulation
BRK-B,BRK-B,2026-03-19,237107048.0,0.21,188495679.7624305,5.82,37.8,0.72,0,2,60,Accumulation
BRO,BRO,2026-03-19,34411758.0,-3.21,83383071.36944348,0.05,47.1,0.85,0,0,50,Neutral
BSX,BSX,2026-03-19,412375112.0,-1.5,250634521.7163732,12.2,21.9,0.84,0,0,60,Accumulation
BX,BX,2026-03-19,161276307.0,-5.6,250723155.6432558,10.73,42.4,0.83,0,2,55,Accumulation
BXP,BXP,2026-03-19,-31289484.0,-97.46,18301953.73847924,-41.64,35.1,0.51,0,1,15,Strong Distribution
C,C,2026-03-19,148848151.0,-20.37,240101198.76623675,8.94,48.7,0.78,0,1,45,Neutral
CAG,CAG,2026-03-19,-362728582.0,-17.03,-220632144.24735072,-54.54,28.4,1.17,0,2,15,Strong Distribution
CAH,CAH,2026-03-19,294687444.0,0.79,223043980.148459,-1.45,27.8,0.88,0,0,45,Neutral
CARR,CARR,2026-03-19,244323929.0,-1.45,306749027.22581017,0.89,22.4,0.97,0,0,45,Neutral
CAT,CAT,2026-03-19,187613214.0,-5.98,178547781.14133772,0.88,42.8,0.74,0,0,40,Distribution
CB,CB,2026-03-19,164778504.0,3.26,37664567.00468877,-2.89,45.7,0.95,0,0,50,Neutral
CBOE,CBOE,2026-03-19,62199379.0,2.09,20441594.958533812,0.18,62.9,0.82,0,0,50,Neutral
CBRE,CBRE,2026-03-19,15702156.0,-52.71,67899398.67747472,1.67,22.4,0.75,0,0,30,Distribution
CCEP,CCEP,2026-03-19,107661117.0,-1.93,57923698.42339728,-8.35,21.3,0.94,0,0,35,Distribution
CCI,CCI,2026-03-19,50631321.0,-1.45,70749911.71221027,13.65,53.5,0.66,0,0,60,Accumulation
CCL,CCL,2026-03-19,658976588.0,-18.0,216301361.45233503,5.02,25.0,0.87,0,0,40,Distribution
CDNS,CDNS,2026-03-19,72868233.0,-6.01,97695050.16488548,0.26,37.3,0.61,0,0,35,Distribution
CDW,CDW,2026-03-19,21280448.0,-6.28,23190315.912197575,12.15,53.3,0.84,0,0,55,Accumulation
CEG,CEG,2026-03-19,159858985.0,0.63,72066172.60187232,18.69,50.8,0.68,0,0,60,Accumulation
CF,CF,2026-03-19,232268546.0,22.96,41823352.33279717,8.42,70.2,1.16,0,4,80,Strong Accumulation
CFG,CFG,2026-03-19,38462123.0,-35.06,112876715.06200658,3.49,28.2,0.72,0,0,30,Distribution
CHD,CHD,2026-03-19,128280948.0,-6.56,57913437.86225774,-3.6,21.5,1.1,0,0,35,Distribution
CHRW,CHRW,2026-03-19,86684482.0,-0.69,32287198.292399824,-6.32,53.5,0.76,0,0,40,Distribution
CHTR,CHTR,2026-03-19,-59775637.0,-3.44,-103324524.25270024,0.85,33.7,0.82,0,0,50,Neutral
CI,CI,2026-03-19,82268652.0,-2.89,-8514386.157284122,25.04,41.9,0.83,0,0,65,Accumulation
CINF,CINF,2026-03-19,14951645.0,-27.95,-810000.8320276921,-10.31,48.8,0.75,0,0,20,Strong Distribution
CL,CL,2026-03-19,295907727.0,-6.51,110693700.7814909,-5.47,25.4,0.96,0,0,25,Strong Distribution
CLX,CLX,2026-03-19,56130752.0,-10.46,-24836212.614713795,-13.51,17.5,0.81,0,0,15,Strong Distribution
CMCSA,CMCSA,2026-03-19,256114350.0,-7.1,109274839.61667517,-20.23,34.7,0.97,0,0,25,Strong Distribution
CME,CME,2026-03-19,181601622.0,3.98,119439370.2553855,8.57,51.8,0.78,0,0,60,Accumulation
CMG,CMG,2026-03-19,486585541.0,-17.61,694392161.742393,-1.49,38.6,1.05,0,0,35,Distribution
CMI,CMI,2026-03-19,97251374.0,-6.68,23862330.281986125,9.5,34.3,0.76,0,0,50,Neutral
CMS,CMS,2026-03-19,248768028.0,8.04,126295065.67062841,8.49,48.6,0.73,0,0,70,Strong Accumulation
CNC,CNC,2026-03-19,-85771962.0,-43.5,-249650925.93394658,-8.12,33.8,0.93,0,3,25,Strong Distribution
CNP,CNP,2026-03-19,290107305.0,-2.89,66600361.145108454,31.87,56.1,0.62,0,0,60,Accumulation
COF,COF,2026-03-19,178973896.0,-8.3,64866483.28679655,1.04,40.7,0.85,0,0,40,Distribution
COIN,COIN,2026-03-19,-7568149.0,81.5,-104502965.36791809,15.91,63.2,0.89,0,0,80,Strong Accumulation
COO,COO,2026-03-19,-22502574.0,-136.16,17104395.91048013,9.58,16.3,0.81,0,1,40,Distribution
COP,COP,2026-03-19,-50020479.0,67.42,-247506610.79141298,12.15,86.9,0.87,0,1,85,Strong Accumulation
COR,COR,2026-03-19,132349720.0,-1.8,110830788.91827124,0.3,23.1,1.33,1,1,50,Neutral
COST,COST,2026-03-19,111889183.0,0.57,224677281.77719417,1.13,53.0,0.69,0,0,45,Neutral
CPAY,CPAY,2026-03-19,24599861.0,-12.79,1570599.0796083063,-66.05,43.6,1.0,0,0,20,Strong Distribution
CPB,CPB,2026-03-19,-320380457.0,-26.48,-173476827.5209261,-49.13,11.7,0.96,0,3,15,Strong Distribution
CPRT,CPRT,2026-03-19,5535662.0,-87.9,146863584.60383666,-7.86,29.0,0.76,0,1,20,Strong Distribution
CPT,CPT,2026-03-19,69981336.0,-0.81,39345834.02274228,0.13,48.3,0.81,0,0,50,Neutral
CRH,CRH,2026-03-19,38523523.0,-44.1,310436062.0469851,5.71,24.4,0.98,0,0,40,Distribution
CRL,CRL,2026-03-19,-18578051.0,13.74,38221825.13133072,0.39,41.0,0.71,0,0,65,Accumulation
CRM,CRM,2026-03-19,272941568.0,7.51,343632895.1914999,8.08,65.0,0.82,0,1,70,Strong Accumulation
CRWD,CRWD,2026-03-19,313100516.0,2.24,457823219.9633717,1.84,77.4,0.51,0,0,50,Neutral
CSCO,CSCO,2026-03-19,1214696424.0,-4.57,1565876601.7262487,2.75,44.0,0.79,0,0,50,Neutral
CSGP,CSGP,2026-03-19,-11224346.0,-232.89,24044792.986791994,-16.16,42.8,0.86,0,0,20,Strong Distribution
CSX,CSX,2026-03-19,134596982.0,-6.9,-121240569.47024849,2.79,32.3,0.94,0,0,40,Distribution
CTAS,CTAS,2026-03-19,191816319.0,2.79,90333876.21493395,-3.61,47.5,0.95,0,2,50,Neutral
CTRA,CTRA,2026-03-19,421208018.0,25.18,-146423114.08954227,12.45,85.7,1.2,0,0,90,Strong Accumulation
CTSH,CTSH,2026-03-19,59518186.0,-18.93,103700658.62749033,10.06,37.0,0.84,0,0,50,Neutral
CTVA,CTVA,2026-03-19,144959687.0,5.48,214810511.47640547,6.38,35.2,0.94,0,0,70,Strong Accumulation
CVNA,CVNA,2026-03-19,1244020569.0,-0.94,-167236979.74390376,1.12,45.2,0.88,0,0,50,Neutral
CVS,CVS,2026-03-19,210264372.0,-8.77,144026807.62032962,-0.82,27.2,0.8,0,0,35,Distribution
CVX,CVX,2026-03-19,830882953.0,16.75,255544869.88062218,23.05,89.1,1.02,0,1,85,Strong Accumulation
D,D,2026-03-19,78496310.0,-24.59,56072712.19249437,-1.27,70.1,0.68,0,1,35,Distribution
DAL,DAL,2026-03-19,-426033715.0,-9.1,418733312.1493226,15.07,40.6,1.06,1,4,55,Accumulation
DASH,DASH,2026-03-19,73409433.0,-27.15,225875968.80231145,-3.36,36.2,0.73,0,0,35,Distribution
DAY,DAY,2026-01-30,43451772.0,-9.47,48795994.01276179,-23.68,41.2,1.14,1,2,25,Strong Distribution
DD,DD,2026-03-19,-156046723.0,-25.89,-149758609.00384516,5.13,22.6,0.75,0,0,40,Distribution
DDOG,DDOG,2026-03-19,103913879.0,10.28,261903966.3620769,3.71,67.4,0.71,0,0,65,Accumulation
DE,DE,2026-03-19,46923378.0,-17.83,25991535.568025988,2.46,17.3,0.84,0,0,30,Distribution
DECK,DECK,2026-03-19,122359302.0,-10.16,48423547.45534729,0.75,28.2,0.86,0,0,30,Distribution
DELL,DELL,2026-03-19,192509220.0,27.36,191444403.60407528,25.08,57.2,0.73,0,1,80,Strong Accumulation
DG,DG,2026-03-19,-125828340.0,-24.79,22081462.353679046,-11.37,11.0,1.04,0,1,15,Strong Distribution
DGX,DGX,2026-03-19,59143685.0,-3.62,39177200.015277654,-2.11,19.9,0.91,0,0,45,Neutral
DHI,DHI,2026-03-19,112510652.0,-7.21,84206484.09278601,-1.87,28.2,0.95,0,0,35,Distribution
DHR,DHR,2026-03-19,65568493.0,-6.26,92911756.91022405,1.38,28.6,0.98,0,0,35,Distribution
DIS,DIS,2026-03-19,-652135439.0,-12.56,165029380.03817558,0.07,14.5,1.04,0,0,30,Distribution
DLR,DLR,2026-03-19,94526358.0,2.7,120911207.90936002,1.24,37.4,0.8,0,0,50,Neutral
DLTR,DLTR,2026-03-19,-4569119.0,-118.91,-21371994.738320053,-29.74,26.2,1.36,1,1,20,Strong Distribution
DOC,DOC,2026-03-19,-4588053.0,88.83,8133701.590766826,207.86,57.4,1.04,0,0,80,Strong Accumulation
DOV,DOV,2026-03-19,19136120.0,-14.4,25650196.267163973,14.56,31.0,0.83,0,0,50,Neutral
DOW,DOW,2026-03-19,-264173078.0,18.47,-322563302.09112275,4.17,75.9,0.87,0,1,70,Strong Accumulation
DPZ,DPZ,2026-03-19,7626642.0,9.03,-8013561.926226263,6.59,29.6,0.91,0,1,65,Accumulation
DRI,DRI,2026-03-19,72572778.0,-2.7,71553417.98660718,0.3,49.1,1.31,1,1,55,Accumulation
DTE,DTE,2026-03-19,149332875.0,3.36,44776717.03434936,10.64,56.9,0.7,0,0,65,Accumulation
DUK,DUK,2026-03-19,296360823.0,8.4,174625125.98669043,7.7,57.3,0.9,0,0,70,Strong Accumulation
DVA,DVA,2026-03-19,26035549.0,-0.18,25780822.570367057,2.36,56.5,0.97,0,0,50,Neutral
DVN,DVN,2026-03-19,323013823.0,55.07,151180546.9884082,33.67,85.6,1.22,1,2,90,Strong Accumulation
DXCM,DXCM,2026-03-19,214991317.0,-8.63,53443872.78238946,-15.04,29.0,1.04,0,0,20,Strong Distribution
EA,EA,2026-03-19,165410296.0,-0.34,58029748.896445334,5.63,54.7,0.69,0,1,55,Accumulation
EBAY,EBAY,2026-03-19,389743377.0,4.73,173411278.78687105,4.84,55.5,0.91,0,0,50,Neutral
ECL,ECL,2026-03-19,194076550.0,-4.47,82555687.1463034,5.21,11.0,1.05,0,0,55,Accumulation
ED,ED,2026-03-19,53237525.0,3.88,20994615.74348622,49.34,68.8,0.67,0,2,60,Accumulation
EFX,EFX,2026-03-19,17419732.0,12.08,19880218.919105936,-3.07,38.6,0.88,0,0,65,Accumulation
EG,EG,2026-03-19,15921815.0,-0.42,-4621965.870417056,-14.36,41.4,0.7,0,0,30,Distribution
EIX,EIX,2026-03-19,98939071.0,0.25,83717340.77619135,1.48,53.8,0.81,0,0,50,Neutral
EL,EL,2026-03-19,-148909663.0,-18.03,-70178824.58773877,-23.46,33.9,0.81,0,0,20,Strong Distribution
ELV,ELV,2026-03-19,-6430404.0,-140.3,4111625.8177623097,-58.7,52.7,0.67,0,2,15,Strong Distribution
EME,EME,2026-03-19,55980391.0,-2.34,29390577.520798,0.83,47.9,0.75,0,1,50,Neutral
EMR,EMR,2026-03-19,166277970.0,-8.35,170773247.22339657,2.65,20.0,1.01,0,0,35,Distribution
EOG,EOG,2026-03-19,1332191.0,102.46,44432547.082355335,39.92,81.1,0.73,0,0,85,Strong Accumulation
EPAM,EPAM,2026-03-19,22307610.0,-0.93,8554787.336512858,-35.25,52.8,0.84,0,0,35,Distribution
EQIX,EQIX,2026-03-19,15187921.0,-5.22,29341783.443182684,8.87,47.0,0.77,0,0,50,Neutral
EQR,EQR,2026-03-19,25961827.0,-7.77,63898625.22953943,7.87,45.8,0.76,0,0,50,Neutral
EQT,EQT,2026-03-19,459093290.0,11.66,446348199.57046735,2.26,74.8,0.91,0,0,70,Strong Accumulation
ERIE,ERIE,2026-03-19,5927256.0,-12.84,-4972396.435433912,-10.67,47.4,0.72,0,0,20,Strong Distribution
ES,ES,2026-03-19,109364394.0,1.11,81550433.04979244,2.22,21.3,1.14,1,1,45,Neutral
ESS,ESS,2026-03-19,31359046.0,0.4,21460100.89348054,2.84,38.7,0.81,0,0,50,Neutral
ETN,ETN,2026-03-19,108891701.0,6.73,140734990.71671718,4.38,36.4,1.01,0,0,60,Accumulation
ETR,ETR,2026-03-19,241296360.0,2.31,233827103.63165146,0.43,56.7,0.7,0,0,50,Neutral
EVRG,EVRG,2026-03-19,253231946.0,4.12,117657421.38009973,2.98,43.2,0.88,0,0,50,Neutral
EW,EW,2026-03-19,28627013.0,11.5,159064363.24480242,12.34,35.3,0.86,0,0,80,Strong Accumulation
EXC,EXC,2026-03-19,388924478.0,10.16,490906205.76324123,5.39,63.3,0.88,0,0,75,Strong Accumulation
EXE,EXE,2026-03-19,124270757.0,10.49,59901195.383990616,-17.35,70.1,1.14,1,1,55,Accumulation
EXPD,EXPD,2026-03-19,47621928.0,6.0,61365235.599336565,1.81,48.2,0.55,0,0,55,Accumulation
EXPE,EXPE,2026-03-19,20084161.0,8.07,72030120.37549716,28.43,64.9,0.52,0,1,70,Strong Accumulation
EXR,EXR,2026-03-19,-24289636.0,-35.9,36812061.458541416,-2.42,17.5,1.01,0,0,30,Distribution
F,F,2026-03-19,-563239723.0,-131.95,-675398025.1067566,-70.6,12.3,0.76,0,0,15,Strong Distribution
FANG,FANG,2026-03-19,174266078.0,2.4,36428171.29327089,19.18,66.8,0.77,0,3,65,Accumulation
FAST,FAST,2026-03-19,473913839.0,7.69,709694751.2396023,2.0,49.5,0.83,0,0,60,Accumulation
FCX,FCX,2026-03-19,279545189.0,-22.24,990527669.1571773,7.07,23.5,0.99,0,0,40,Distribution
FDS,FDS,2026-03-19,19187663.0,25.43,-1650628.48139725,63.36,54.4,0.77,0,0,80,Strong Accumulation
FDX,FDX,2026-03-19,177120818.0,-1.02,22054951.210318163,8.62,24.6,1.19,1,1,55,Accumulation
FE,FE,2026-03-19,216029368.0,3.31,215006872.1133338,1.73,53.9,1.14,0,0,50,Neutral
FER,FER,2026-03-19,-49163600.0,-8.99,25274241.531253234,5.89,27.7,0.84,0,0,45,Neutral
FFIV,FFIV,2026-03-19,54295785.0,6.08,34864102.49250586,5.45,64.3,1.23,1,1,75,Strong Accumulation
FICO,FICO,2026-03-19,7832597.0,-11.99,-967209.3275544283,-601.97,39.4,1.03,0,2,20,Strong Distribution
FIS,FIS,2026-03-19,-25277921.0,-40.17,69097272.01239401,8.17,54.1,0.89,0,0,45,Neutral
FISV,FISV,2026-03-19,-173416573.0,0.4,22013662.811285388,67.19,38.6,0.96,0,0,65,Accumulation
FITB,FITB,2026-03-19,6056522.0,-92.33,244182448.44653845,-15.88,26.4,0.93,0,0,15,Strong Distribution
FIX,FIX,2026-03-19,37321784.0,-1.39,16016405.701541808,9.72,54.9,0.63,0,1,55,Accumulation
FOX,FOX,2026-03-19,-29308760.0,5.37,-37374415.473218635,2.45,51.9,1.18,1,1,60,Accumulation
FOXA,FOXA,2026-03-19,152588109.0,5.73,-36261646.70249212,9.08,64.5,1.12,1,1,70,Strong Accumulation
FRT,FRT,2026-03-19,15180097.0,3.74,10581790.132733287,4.2,46.0,0.67,0,1,45,Neutral
FSLR,FSLR,2026-03-19,111799634.0,-10.65,18161401.715923965,-3.53,54.7,0.51,0,0,30,Distribution
FTNT,FTNT,2026-03-19,623803183.0,-1.22,841866826.6925595,0.95,72.2,0.71,0,0,55,Accumulation
FTV,FTV,2026-03-19,-9713207.0,-176.53,48236058.51424423,22.27,22.0,0.94,0,0,45,Neutral
GD,GD,2026-03-19,109718273.0,2.76,30123299.717615064,21.33,54.6,0.86,0,0,65,Accumulation
GDDY,GDDY,2026-03-19,151154802.0,6.72,75464128.8487324,17.62,62.7,0.59,0,1,70,Strong Accumulation
GE,GE,2026-03-19,792500063.0,-2.94,20908561.635952305,70.6,29.2,1.07,0,0,60,Accumulation
GEHC,GEHC,2026-03-19,24825029.0,-26.82,94941214.23119214,2.8,31.1,1.13,0,0,35,Distribution
GEN,GEN,2026-03-19,133312797.0,-21.42,161399047.2795344,-4.27,30.5,1.07,0,0,35,Distribution
GEV,GEV,2026-03-19,101775101.0,-0.04,111920631.73933841,11.99,58.0,0.97,0,0,65,Accumulation
GFS,GFS,2025-12-19,26539878.0,215.37,-18475209.818317737,46.43,72.5,2.51,1,1,95,Strong Accumulation
GILD,GILD,2026-03-19,584949704.0,-4.18,497967159.1643117,0.06,40.6,0.76,0,0,50,Neutral
GIS,GIS,2026-03-19,-91261654.0,-159.57,-53609943.38231226,-197.06,6.5,1.24,0,0,20,Strong Distribution
GL,GL,2026-03-19,69249962.0,-4.86,-13646117.393951215,-8.44,34.5,0.69,0,0,35,Distribution
GLW,GLW,2026-03-19,609695900.0,-2.56,361590518.3468581,-2.07,31.5,0.63,0,0,45,Neutral
GM,GM,2026-03-19,983769351.0,-5.21,-65187522.151049435,5.64,30.7,0.86,0,0,50,Neutral
GNRC,GNRC,2026-03-19,19147513.0,-18.66,10514730.84299313,19.4,24.9,0.89,0,0,45,Neutral
GOOG,GOOG,2026-03-19,2891729018.0,-2.31,1381580905.0939372,5.2,42.1,0.79,0,0,60,Accumulation
GOOGL,GOOGL,2026-03-19,3742310790.0,-3.1,1991716976.8036523,5.44,42.5,0.77,0,0,60,Accumulation
GPC,GPC,2026-03-19,26147633.0,-41.9,28296944.13420586,-23.13,6.1,1.13,0,2,15,Strong Distribution
GPN,GPN,2026-03-19,-73768733.0,-56.18,-133858655.06782179,-7.72,34.0,0.89,0,0,25,Strong Distribution
GRMN,GRMN,2026-03-19,85151509.0,0.17,80801481.13930282,3.01,40.8,0.63,0,0,45,Neutral
GS,GS,2026-03-19,110231528.0,-10.87,86774370.05183235,-7.09,24.3,0.79,0,1,20,Strong Distribution
GWW,GWW,2026-03-19,16145561.0,-6.78,13781713.011367101,-0.95,35.7,0.76,0,0,40,Distribution
HAL,HAL,2026-03-19,465655370.0,5.97,-75146304.47153364,28.53,63.7,1.16,0,0,75,Strong Accumulation
HAS,HAS,2026-03-19,89520509.0,-9.46,50558163.45022753,-6.23,38.1,0.94,0,1,30,Distribution
HBAN,HBAN,2026-03-19,-194064840.0,-281.19,867046493.1154083,-6.26,10.7,1.0,0,1,20,Strong Distribution
HCA,HCA,2026-03-19,132973407.0,-0.98,28063447.707275342,-8.09,40.6,0.94,0,1,40,Distribution
HD,HD,2026-03-19,83594122.0,-14.34,218149248.69652197,-3.83,28.3,0.75,0,0,30,Distribution
HIG,HIG,2026-03-19,109907361.0,-9.51,37749254.06701385,-10.24,31.8,0.85,0,1,25,Strong Distribution
HII,HII,2026-03-19,30943802.0,7.13,603538.7101936643,125.37,40.5,1.04,0,0,75,Strong Accumulation
HLT,HLT,2026-03-19,79114774.0,-9.76,84944417.3270964,8.46,32.7,0.76,0,0,50,Neutral
HOLX,HOLX,2026-03-19,114722991.0,2.44,-14306362.124138871,27.64,39.9,1.64,2,3,75,Strong Accumulation
HON,HON,2026-03-19,165618464.0,-4.36,56005706.617061146,-1.02,13.9,0.93,0,0,45,Neutral
HOOD,HOOD,2026-03-19,1580266881.0,-2.95,1013144250.6558946,3.83,37.8,0.88,0,0,50,Neutral
HPE,HPE,2026-03-19,1508016067.0,7.82,547243455.606982,-1.42,39.9,0.78,0,0,60,Accumulation
HPQ,HPQ,2026-03-19,581688433.0,2.35,-192021151.88074988,4.16,46.2,0.73,0,0,50,Neutral
HRL,HRL,2026-03-19,-18373913.0,-112.61,-9718427.63067518,-566.98,23.6,0.73,0,0,15,Strong Distribution
HSIC,HSIC,2026-03-19,18108006.0,-11.56,-11912641.858943984,-34.55,14.4,0.7,0,1,10,Strong Distribution
HST,HST,2026-03-19,107902593.0,-7.69,-20768412.0893654,26.44,39.2,0.82,0,0,55,Accumulation
HSY,HSY,2026-03-19,63006943.0,-4.17,-6254893.886563698,29.32,21.7,0.82,0,0,60,Accumulation
HUBB,HUBB,2026-03-19,13513338.0,1.94,16816183.3591743,3.29,45.5,1.33,0,0,55,Accumulation
HUM,HUM,2026-03-19,-14388524.0,-51.56,-15775080.921868892,-31.5,29.1,0.8,0,0,15,Strong Distribution
HWM,HWM,2026-03-19,411456907.0,-1.96,265988389.60528752,2.72,29.6,1.03,0,0,45,Neutral
IBKR,IBKR,2026-03-19,326271907.0,-6.91,376651269.17244697,2.85,33.4,0.85,0,0,40,Distribution
IBM,IBM,2026-03-19,229189976.0,0.79,322767554.4975725,1.71,55.9,0.69,0,1,45,Neutral
ICE,ICE,2026-03-19,92626486.0,22.76,138077971.60353416,9.24,50.7,0.7,0,0,70,Strong Accumulation
IDXX,IDXX,2026-03-19,24625935.0,-6.72,38443601.64189676,1.42,27.7,0.87,0,0,35,Distribution
IEX,IEX,2026-03-19,2559989.0,-46.39,-4314436.217837956,6.52,30.6,1.14,0,0,45,Neutral
IFF,IFF,2026-03-19,-49007878.0,-16.72,19347000.88755516,-7.81,22.2,0.91,0,0,20,Strong Distribution
INCY,INCY,2026-03-19,138347357.0,3.46,152219207.6764183,1.96,41.1,0.99,0,0,50,Neutral
INSM,INSM,2026-03-19,184635829.0,-6.02,151523234.0859453,-0.85,42.9,0.83,0,0,40,Distribution
INTC,INTC,2026-03-19,1349977818.0,6.23,-1901825452.525348,-1.38,50.3,1.03,0,0,60,Accumulation
INTU,INTU,2026-03-19,35594471.0,148.32,74667341.66818959,15.49,69.7,0.52,0,0,75,Strong Accumulation
INVH,INVH,2026-03-19,-216321446.0,-0.47,101608994.7314307,0.42,26.8,0.88,0,1,45,Neutral
IP,IP,2026-03-19,23015818.0,-54.75,261276960.98783675,-4.13,37.9,1.09,0,0,35,Distribution
IQV,IQV,2026-03-19,-22217893.0,32.32,65337700.02275801,5.93,47.0,0.62,0,0,70,Strong Accumulation
IR,IR,2026-03-19,-48154583.0,-14.83,5422024.623396404,162.92,16.3,1.35,1,1,50,Neutral
IRM,IRM,2026-03-19,296197633.0,-1.16,165242570.79284155,1.95,47.6,0.82,0,0,50,Neutral
ISRG,ISRG,2026-03-19,148037032.0,-5.41,147847427.66950676,3.97,31.1,0.94,0,0,40,Distribution
IT,IT,2026-03-19,35270217.0,28.7,22115927.95013239,3.48,61.0,0.76,0,0,65,Accumulation
ITW,ITW,2026-03-19,35130977.0,-0.2,55386244.105246685,1.19,16.8,0.67,0,0,40,Distribution
IVZ,IVZ,2026-03-19,417202388.0,-7.72,231233349.22518212,1.64,23.7,0.72,0,1,35,Distribution
J,J,2026-03-19,41936872.0,-0.81,47626474.658501714,0.35,46.8,0.98,0,0,50,Neutral
JBHT,JBHT,2026-03-19,-4752471.0,-173.2,8340665.330742127,-8.7,30.7,1.2,0,0,25,Strong Distribution
JBL,JBL,2026-03-19,132243178.0,-1.91,27964945.750521936,17.86,47.7,1.28,0,0,70,Strong Accumulation
JCI,JCI,2026-03-19,656338376.0,-0.82,258308314.93644017,3.86,35.7,0.84,0,0,50,Neutral
JKHY,JKHY,2026-03-19,21035226.0,-5.11,19169449.83073629,9.3,67.2,0.81,0,0,50,Neutral
JNJ,JNJ,2026-03-19,-60646885.0,11.77,437779541.4650632,4.52,42.2,0.81,0,1,65,Accumulation
JPM,JPM,2026-03-19,232370178.0,-20.82,275037581.1187173,5.05,45.0,0.82,0,0,45,Neutral
KDP,KDP,2026-03-19,14225424.0,-43.04,217593108.25195363,-16.98,30.4,0.88,0,0,20,Strong Distribution
KEY,KEY,2026-03-19,9293973.0,-88.4,412273135.14719254,-3.23,22.1,0.97,0,1,30,Distribution
KEYS,KEYS,2026-03-19,62865204.0,19.0,57592455.427099064,14.03,32.5,0.64,0,2,75,Strong Accumulation
KHC,KHC,2026-03-19,217959046.0,16.13,375459989.85434693,-1.99,37.7,0.98,0,0,65,Accumulation
KIM,KIM,2026-03-19,39854295.0,-4.4,91580559.62441689,8.73,21.0,0.63,0,1,50,Neutral
KKR,KKR,2026-03-19,109569008.0,-19.21,256364891.27231503,-1.51,59.7,0.6,0,1,30,Distribution
KLAC,KLAC,2026-03-19,91990512.0,3.87,79961863.04654475,1.86,48.4,1.01,0,0,50,Neutral
KMB,KMB,2026-03-19,-57513399.0,27.63,-63077837.0351241,13.78,36.7,0.83,0,0,80,Strong Accumulation
KMI,KMI,2026-03-19,397833973.0,9.43,463062150.73646504,4.66,39.8,0.85,0,0,60,Accumulation
KO,KO,2026-03-19,1018661636.0,-0.88,481315847.18213886,-1.81,28.8,0.75,0,0,45,Neutral
KR,KR,2026-03-19,550783198.0,6.3,-5048570.408075389,87.1,65.2,0.77,0,1,75,Strong Accumulation
KVUE,KVUE,2026-03-19,322538437.0,27.94,-889125241.9696325,3.48,19.3,0.58,0,0,55,Accumulation
L,L,2026-03-19,49450483.0,0.34,8211296.173441106,3.63,41.5,0.71,0,0,50,Neutral
LDOS,LDOS,2026-03-19,53627435.0,0.02,51682464.51534932,4.49,40.9,0.82,0,0,50,Neutral
LEN,LEN,2026-03-19,46837741.0,-20.67,33808046.85483119,-9.63,30.5,1.14,0,1,25,Strong Distribution
LH,LH,2026-03-19,68847937.0,0.74,51943004.60597416,0.27,24.1,0.8,0,0,45,Neutral
LHX,LHX,2026-03-19,8476425.0,117.74,8354401.44550604,165.07,52.4,0.84,0,1,80,Strong Accumulation
LII,LII,2026-03-19,17772619.0,-13.09,11262771.912873179,10.29,31.7,0.92,0,1,50,Neutral
LIN,LIN,2026-03-19,66409819.0,-4.07,128775542.85789089,7.51,51.6,0.91,0,0,60,Accumulation
LKQ,LKQ,2025-12-19,45446234.0,1194.15,-9696590.342308607,-213.94,20.2,2.47,1,1,55,Accumulation
LLY,LLY,2026-03-19,367053043.0,-1.78,180790832.31784374,1.87,26.5,1.02,1,1,45,Neutral
LMT,LMT,2026-03-19,91001221.0,0.13,-7882542.560657191,22.23,41.0,0.73,0,1,65,Accumulation
LNT,LNT,2026-03-19,138980133.0,8.37,102987872.16821556,10.25,48.0,0.55,0,1,70,Strong Accumulation
LOW,LOW,2026-03-19,374564516.0,-4.48,31088464.30861189,-11.14,19.3,0.95,0,0,30,Distribution
LRCX,LRCX,2026-03-19,910316550.0,0.03,536069237.67781556,-0.29,54.1,0.97,0,0,50,Neutral
LULU,LULU,2026-03-19,35447608.0,-36.04,-89649151.09884931,-7.26,50.6,1.49,1,1,30,Distribution
LUV,LUV,2026-03-19,382798688.0,-15.58,-69750077.5056979,-30.6,26.4,0.87,0,0,15,Strong Distribution
LVS,LVS,2026-03-19,57942736.0,-19.9,-143659524.09723997,-0.2,25.0,0.76,0,0,30,Distribution
LW,LW,2026-03-19,35099425.0,-10.02,-40844193.66419788,-24.84,22.2,1.27,1,3,20,Strong Distribution
LYB,LYB,2026-03-19,-51902334.0,61.31,-61278427.35160716,32.18,86.4,0.87,0,2,85,Strong Accumulation
LYV,LYV,2026-03-19,97092824.0,-5.13,136261695.37803945,-1.82,37.7,0.71,0,1,40,Distribution
MA,MA,2026-03-19,64633497.0,9.77,158192483.6921665,4.74,45.2,0.8,0,0,60,Accumulation
MAA,MAA,2026-03-19,-6117328.0,-73.41,28327603.160938997,4.28,26.7,0.65,0,0,25,Strong Distribution
MAR,MAR,2026-03-19,-1438975.0,-131.11,80380973.84891166,1.32,26.1,0.76,0,0,30,Distribution
MAS,MAS,2026-03-19,3171785.0,-83.93,14912735.46746149,-22.66,19.5,0.94,0,0,15,Strong Distribution
MCD,MCD,2026-03-19,105799784.0,-2.24,191651029.23515162,-0.52,37.2,0.85,0,0,50,Neutral
MCHP,MCHP,2026-03-19,-25657449.0,-140.38,59239984.50555341,-17.62,19.6,0.88,0,0,15,Strong Distribution
MCK,MCK,2026-03-19,59559237.0,-0.54,111863209.21444964,0.94,29.4,0.94,0,0,45,Neutral
MCO,MCO,2026-03-19,52651600.0,-7.58,44063920.90094496,1.3,38.3,0.75,0,0,40,Distribution
MDLZ,MDLZ,2026-03-19,261904895.0,-4.78,208631596.6562101,10.79,26.8,1.06,0,0,60,Accumulation
MDT,MDT,2026-03-19,171382963.0,-14.03,166427991.00930366,-11.65,22.1,0.82,0,0,15,Strong Distribution
MELI,MELI,2026-03-19,36716820.0,-4.41,20253599.7293435,12.51,35.0,0.67,0,1,60,Accumulation
MET,MET,2026-03-19,204911278.0,-9.52,-39915417.713544965,2.8,25.2,0.7,0,1,30,Distribution
META,META,2026-03-19,831009956.0,-5.95,114451854.27124453,7.26,33.2,1.15,0,0,50,Neutral
MGM,MGM,2026-03-19,-72908284.0,17.66,-269830219.97437406,4.61,54.3,0.86,0,0,65,Accumulation
MHK,MHK,2025-12-19,-41015770.0,-72.95,1410856.1140015202,-55.96,13.2,2.23,1,1,25,Strong Distribution
MKC,MKC,2026-03-19,26097599.0,-42.36,43544334.67905273,-19.92,8.3,1.07,0,1,15,Strong Distribution
MLM,MLM,2026-03-19,19307202.0,-19.71,19934602.445225324,1.06,19.6,0.87,0,0,30,Distribution
MMC,MMC,2026-01-13,166429359.0,-9.85,99750194.23014346,-6.5,59.1,0.9,0,1,30,Distribution
MMM,MMM,2026-03-19,-48771730.0,-121.4,88742499.560211,4.69,21.8,1.06,0,0,30,Distribution
MNST,MNST,2026-03-19,429214531.0,-5.76,211458558.63663846,-4.13,41.2,0.67,0,0,35,Distribution
MO,MO,2026-03-19,651270423.0,-5.86,183673708.72511557,-4.88,24.2,0.94,0,0,35,Distribution
MOH,MOH,2026-03-19,2526736.0,-29.11,8571049.657050451,-1.36,35.5,0.89,0,0,35,Distribution
MOS,MOS,2026-03-19,148215148.0,-10.28,128184869.31936222,-15.37,53.7,1.22,1,3,25,Strong Distribution
MPC,MPC,2026-03-19,334719364.0,4.3,63550552.068338126,11.56,74.4,0.96,0,1,70,Strong Accumulation
MPWR,MPWR,2026-03-19,34227828.0,-8.0,29580088.41071971,0.75,20.2,0.76,0,0,35,Distribution
MRK,MRK,2026-03-19,410619719.0,-10.14,125305199.26274069,13.75,28.4,0.79,0,0,45,Neutral
MRNA,MRNA,2026-03-19,637167208.0,5.24,515317246.2400687,2.56,51.6,0.69,0,1,55,Accumulation
MRSH,MRSH,2026-03-19,11204252.0,-35.19,288085.8526696117,112.53,21.9,0.82,0,0,45,Neutral
MRVL,MRVL,2026-03-19,424329096.0,13.88,187282178.88684925,-5.08,59.0,0.63,0,0,50,Neutral
MS,MS,2026-03-19,398335520.0,-3.22,294320620.22491175,0.69,31.2,0.83,0,0,50,Neutral
MSCI,MSCI,2026-03-19,14746940.0,-2.3,18539955.331827596,10.13,29.6,0.74,0,0,60,Accumulation
MSFT,MSFT,2026-03-19,1003748632.0,-7.47,2002166783.8699164,-2.35,59.4,0.77,0,0,40,Distribution
MSI,MSI,2026-03-19,68925918.0,0.83,29911111.696285736,3.37,42.5,0.94,0,0,50,Neutral
MSTR,MSTR,2026-03-19,406075966.0,13.68,54404057.01904265,81.3,59.4,1.02,0,0,80,Strong Accumulation
MTB,MTB,2026-03-19,25871238.0,-25.0,20593937.40524941,-9.21,37.5,0.74,0,0,25,Strong Distribution
MTCH,MTCH,2026-03-19,-272782933.0,-2.49,-68726987.49789065,11.46,50.1,1.17,0,0,65,Accumulation
MTD,MTD,2026-03-19,7570447.0,-11.7,4006535.0166182085,-11.29,16.0,0.95,0,1,15,Strong Distribution
MU,MU,2026-03-19,1612212157.0,-1.02,776530384.3410537,15.05,49.6,1.35,1,1,70,Strong Accumulation
NCLH,NCLH,2026-03-19,257204800.0,-43.77,128019163.31410497,-14.47,28.1,0.81,0,1,15,Strong Distribution
NDAQ,NDAQ,2026-03-19,253921211.0,7.79,157712719.79945654,6.76,58.4,0.68,0,0,65,Accumulation
NDSN,NDSN,2026-03-19,20440022.0,-2.03,16284197.019219056,5.36,29.4,0.83,0,0,55,Accumulation
NEE,NEE,2026-03-19,352442742.0,13.4,239462112.72313404,12.55,58.1,0.68,0,1,75,Strong Accumulation
NEM,NEM,2026-03-19,278576090.0,-9.68,522035876.8204862,5.64,16.1,1.17,1,1,45,Neutral
NFLX,NFLX,2026-03-19,1182483610.0,21.84,3139524681.38508,5.67,47.8,0.6,0,1,70,Strong Accumulation
NI,NI,2026-03-19,525894184.0,1.96,278824755.0716267,2.09,55.9,0.66,0,0,45,Neutral
NKE,NKE,2026-03-19,-474670718.0,-34.97,-330052993.27311504,-15.92,17.0,0.72,0,1,15,Strong Distribution
NOC,NOC,2026-03-19,55862988.0,-0.63,18174823.59418113,12.73,42.6,0.77,0,0,65,Accumulation
NOW,NOW,2026-03-19,50548119.0,67.0,68901672.47330238,61.62,63.8,0.69,0,0,75,Strong Accumulation
NRG,NRG,2026-03-19,328740057.0,-3.18,128756530.29834388,1.39,47.3,0.58,0,2,45,Neutral
NSC,NSC,2026-03-19,40927330.0,-1.24,-26869648.523393057,5.39,32.9,0.71,0,0,60,Accumulation
NTAP,NTAP,2026-03-19,114379738.0,-9.51,117834760.83576865,0.38,70.3,0.85,0,1,45,Neutral
NTRS,NTRS,2026-03-19,35377108.0,-8.7,55122691.791966766,2.54,46.0,0.99,0,0,40,Distribution
NUE,NUE,2026-03-19,87601753.0,-8.54,-17737748.704382423,7.23,33.9,0.72,0,0,50,Neutral
NVDA,NVDA,2026-03-19,53524937394.0,0.03,44948775971.275024,-0.85,39.7,0.9,0,1,50,Neutral
NVR,NVR,2026-03-19,220426.0,-31.18,-274665.646018137,-11.04,18.3,0.89,0,0,15,Strong Distribution
NWS,NWS,2026-03-19,55840018.0,1.7,1501378.8772150013,52.68,50.4,0.9,0,0,65,Accumulation
NWSA,NWSA,2026-03-19,117285790.0,2.3,-38949935.21827649,9.24,39.1,0.95,0,0,60,Accumulation
NXPI,NXPI,2026-03-19,137569833.0,-14.73,41784976.72923194,-18.64,18.5,0.92,0,0,15,Strong Distribution
O,O,2026-03-19,1691077.0,-23.14,-120114403.5684853,-4.55,30.0,0.91,0,1,35,Distribution
ODFL,ODFL,2026-03-19,104894059.0,10.09,24448107.608469427,24.92,41.9,0.95,0,0,80,Strong Accumulation
OKE,OKE,2026-03-19,220366101.0,-0.01,164908977.7494938,1.2,80.0,0.73,0,0,55,Accumulation
OMC,OMC,2026-03-19,50051178.0,-11.04,-7453125.234774461,-400.15,33.4,0.76,0,1,20,Strong Distribution
ON,ON,2026-03-19,155575331.0,-14.27,71173245.59506962,-15.9,29.4,0.94,0,0,15,Strong Distribution
ORCL,ORCL,2026-03-19,970197115.0,2.15,-148059961.74096408,-63.48,64.5,0.75,0,1,35,Distribution
ORLY,ORLY,2026-03-19,853737920.0,-1.5,103790265.57453294,11.98,40.7,0.87,0,0,65,Accumulation
OTIS,OTIS,2026-03-19,145572278.0,-11.01,90363798.94745287,-4.41,31.9,1.04,1,1,35,Distribution
OXY,OXY,2026-03-19,712243196.0,17.81,-183019466.56454593,12.33,72.2,0.82,0,3,85,Strong Accumulation
PANW,PANW,2026-03-19,883299180.0,2.87,575687525.3648946,1.75,86.6,0.55,0,0,50,Neutral
PAYC,PAYC,2026-03-19,11713962.0,-18.23,21560710.236437865,41.9,52.0,0.76,1,2,50,Neutral
PAYX,PAYX,2026-03-19,-19149800.0,-28.51,98227513.05793653,9.07,64.0,0.75,0,0,45,Neutral
PCAR,PCAR,2026-03-19,118497144.0,-10.65,147622539.5328576,0.34,24.2,0.75,0,0,30,Distribution
PCG,PCG,2026-03-19,1042135456.0,-0.59,1046623215.245773,-0.32,48.9,1.03,0,1,50,Neutral
PDD,PDD,2026-03-19,536577329.0,-1.33,-151245404.49892148,-20.55,39.4,0.97,1,2,35,Distribution
PEG,PEG,2026-03-19,269862476.0,2.07,164187099.54133305,0.67,44.6,0.8,0,0,50,Neutral
PEP,PEP,2026-03-19,305969320.0,-6.18,295811432.44169885,-4.04,23.9,0.82,0,0,35,Distribution
PFE,PFE,2026-03-19,-238207938.0,35.78,-611883088.6399878,14.24,45.1,1.02,0,0,80,Strong Accumulation
PFG,PFG,2026-03-19,-13660508.0,-82.21,72783173.05840197,-2.49,37.8,0.71,0,1,35,Distribution
PG,PG,2026-03-19,551777231.0,-1.78,167819082.28273463,-3.19,24.3,0.76,0,0,45,Neutral
PGR,PGR,2026-03-19,133720035.0,-5.54,219126921.95661074,1.15,29.7,0.9,0,0,35,Distribution
PH,PH,2026-03-19,38331012.0,-14.5,30211570.582224797,3.35,15.3,0.99,0,1,30,Distribution
PHM,PHM,2026-03-19,208517332.0,-1.99,91946903.59525812,3.98,33.6,1.01,0,0,50,Neutral
PKG,PKG,2026-03-19,19622519.0,-5.59,31427049.88009895,8.53,27.5,1.03,0,0,45,Neutral
PLD,PLD,2026-03-19,180770925.0,-13.87,86444310.72438723,7.08,22.4,0.68,0,0,35,Distribution
PLTR,PLTR,2026-03-19,4743540552.0,6.39,4296905254.971706,4.86,61.4,0.7,0,0,60,Accumulation
PM,PM,2026-03-19,670345940.0,-1.41,526546681.7034103,-0.28,32.6,0.87,0,0,50,Neutral
PNC,PNC,2026-03-19,40312011.0,-29.92,92086460.28922184,-2.01,23.7,0.96,0,1,30,Distribution
PNR,PNR,2026-03-19,115735770.0,-11.23,73807073.09219667,3.38,31.2,0.77,0,0,35,Distribution
PNW,PNW,2026-03-19,55430287.0,18.19,35329883.98577582,11.27,64.5,0.64,0,0,75,Strong Accumulation
PODD,PODD,2026-03-19,34183151.0,-5.76,18025780.904264007,5.68,38.2,1.06,1,1,50,Neutral
POOL,POOL,2026-03-19,82911.0,-97.82,10705903.685223015,23.68,39.5,0.79,0,0,50,Neutral
PPG,PPG,2026-03-19,38905113.0,-25.33,-57370475.124455705,-6.99,36.7,0.92,0,0,25,Strong Distribution
PPL,PPL,2026-03-19,336468504.0,2.18,228676940.04282647,25.36,47.2,0.62,0,2,60,Accumulation
PRU,PRU,2026-03-19,-14029008.0,-148.67,14951120.818561118,-17.83,27.2,0.8,0,0,15,Strong Distribution
PSA,PSA,2026-03-19,15595969.0,-24.88,43803922.29090409,2.54,35.6,1.47,2,2,40,Distribution
PSKY,PSKY,2026-03-19,-1113115523.0,-6.57,-1032124395.0176024,-2.26,18.1,0.67,0,2,30,Distribution
PSX,PSX,2026-03-19,102147346.0,14.5,-48962779.72423159,23.22,67.4,1.08,0,1,80,Strong Accumulation
PTC,PTC,2026-03-19,9847050.0,-14.53,72257493.77113004,1.31,36.3,0.96,0,0,35,Distribution
PWR,PWR,2026-03-19,102757137.0,-1.95,63986526.48652328,4.73,46.1,1.03,0,0,50,Neutral
PYPL,PYPL,2026-03-19,-720877852.0,12.51,-436734510.0175085,9.09,46.3,0.68,0,1,70,Strong Accumulation
Q,Q,2026-03-19,40749421.0,39.59,-3083443.581764338,72.3,37.3,0.63,0,1,75,Strong Accumulation
QCOM,QCOM,2026-03-19,312203194.0,-11.09,352370498.7656759,-5.68,30.9,1.0,0,0,25,Strong Distribution
RCL,RCL,2026-03-19,234432887.0,-7.27,171112185.54361755,3.2,18.7,0.76,0,0,35,Distribution
REG,REG,2026-03-19,711147.0,17.73,53098328.49345179,10.27,40.0,0.67,0,0,75,Strong Accumulation
REGN,REGN,2026-03-19,37689765.0,-3.42,16481571.114354298,0.75,43.6,0.81,0,0,50,Neutral
RF,RF,2026-03-19,63218602.0,-64.6,285845924.70072883,-9.64,26.0,0.81,0,0,20,Strong Distribution
RJF,RJF,2026-03-19,91482575.0,-2.05,96935647.6681529,-0.58,17.4,0.89,0,0,45,Neutral
RL,RL,2026-03-19,25512730.0,-10.41,22879244.095206805,-4.79,27.4,0.85,0,0,30,Distribution
RMD,RMD,2026-03-19,61736890.0,-8.64,39806693.47285866,0.16,19.5,0.96,0,0,35,Distribution
ROK,ROK,2026-03-19,31793901.0,-19.07,50560132.628279045,1.82,25.1,0.92,0,0,30,Distribution
ROL,ROL,2026-03-19,133733314.0,-7.46,142103284.1206407,-0.07,23.5,0.75,0,0,35,Distribution
ROP,ROP,2026-03-19,47956738.0,16.41,27570736.259961493,14.54,62.2,0.78,0,0,80,Strong Accumulation
ROST,ROST,2026-03-19,53056284.0,10.94,6220495.184821067,261.3,48.5,0.77,0,2,80,Strong Accumulation
RSG,RSG,2026-03-19,137883900.0,1.83,81063098.6834444,3.51,45.7,0.8,0,0,50,Neutral
RTX,RTX,2026-03-19,238081474.0,-1.68,219061537.81609166,6.78,53.7,0.66,0,0,55,Accumulation
RVTY,RVTY,2026-03-19,16052935.0,-4.04,33010751.3579912,-1.56,25.4,1.05,0,0,45,Neutral
SBAC,SBAC,2026-03-19,19334559.0,-20.61,20082494.34918913,-5.14,37.5,0.64,0,2,20,Strong Distribution
SBUX,SBUX,2026-03-19,-176422613.0,-1.79,393878548.2786807,6.6,34.5,0.97,0,0,60,Accumulation
SCHW,SCHW,2026-03-19,-270253711.0,2.7,381033218.166986,5.53,46.9,0.88,0,0,60,Accumulation
SHOP,SHOP,2026-03-19,883083292.0,-1.71,891345073.6934168,0.61,43.8,0.62,0,0,45,Neutral
SHW,SHW,2026-03-19,33407076.0,-16.32,20093570.370528497,9.46,24.1,0.95,0,0,40,Distribution
SJM,SJM,2026-03-19,-5372603.0,-146.84,9916933.836038236,-12.97,13.2,0.65,0,2,10,Strong Distribution
SLB,SLB,2026-03-19,-211680292.0,-2.93,52941689.622884974,189.11,38.0,0.96,0,0,65,Accumulation
SMCI,SMCI,2026-03-19,1564031631.0,-5.51,308154922.5690492,6.35,49.6,0.91,0,0,50,Neutral
SNA,SNA,2026-03-19,6056697.0,-18.92,7500020.834314696,16.53,35.3,0.85,0,0,50,Neutral
SNDK,SNDK,2026-03-19,380295933.0,14.79,224087915.29975858,28.05,66.4,0.96,0,0,80,Strong Accumulation
SNPS,SNPS,2026-03-19,35151832.0,0.16,61933758.397153035,5.18,57.8,0.58,0,0,55,Accumulation
SO,SO,2026-03-19,213328070.0,10.55,327174374.2507657,4.21,61.0,0.84,0,0,65,Accumulation
SOLS,SOLS,2025-12-31,-6835701.0,81.73,-17376624.43692984,55.24,80.9,0.29,0,1,80,Strong Accumulation
SOLV,SOLV,2026-03-19,-53690227.0,-7.55,-7636201.725006554,-45.2,21.2,0.98,0,1,20,Strong Distribution
SPG,SPG,2026-03-19,165493877.0,-3.06,-12184359.646835998,-13.78,37.9,0.81,0,0,35,Distribution
SPGI,SPGI,2026-03-19,66474296.0,23.09,73563057.24791634,15.34,66.1,0.67,0,0,75,Strong Accumulation
SRE,SRE,2026-03-19,58238046.0,19.27,69485745.7373666,13.0,44.0,0.93,0,0,80,Strong Accumulation
STE,STE,2026-03-19,17213575.0,-30.16,39658165.7900667,-5.77,24.5,0.78,0,1,20,Strong Distribution
STLD,STLD,2026-03-19,102063254.0,-4.15,46082797.006400734,2.43,34.1,1.12,0,0,50,Neutral
STT,STT,2026-03-19,149700529.0,-5.57,51585570.98347821,7.01,34.4,0.84,0,1,50,Neutral
STX,STX,2026-03-19,277036474.0,-2.54,164411268.21546197,0.97,54.5,1.04,0,0,50,Neutral
STZ,STZ,2026-03-19,-7923449.0,19.43,-1543907.479985508,-293.22,31.0,0.93,0,0,50,Neutral
SW,SW,2026-03-19,10491367.0,-78.6,149067547.42013258,-0.17,20.4,0.85,0,0,30,Distribution
SWK,SWK,2026-03-19,-135440344.0,-14.56,-19628165.002431016,-7.44,15.6,0.8,0,0,20,Strong Distribution
SWKS,SWKS,2026-03-19,-68638719.0,-32.7,10976587.928891053,-31.71,12.8,0.85,0,0,15,Strong Distribution
SYF,SYF,2026-03-19,143835736.0,-11.39,233775990.1474258,-0.89,50.4,0.71,0,0,35,Distribution
SYK,SYK,2026-03-19,33051302.0,-35.04,104719251.27622801,-2.95,41.0,1.12,0,2,35,Distribution
SYY,SYY,2026-03-19,16744808.0,-52.68,-21962251.014277503,-0.97,25.0,0.74,0,0,30,Distribution
T,T,2026-03-19,1405888504.0,10.28,-202081804.8526099,43.98,57.4,0.94,0,0,80,Strong Accumulation
TAP,TAP,2026-03-19,39229340.0,-30.04,-22865969.243683532,-32.2,6.1,0.88,0,0,15,Strong Distribution
TDG,TDG,2026-03-19,20812687.0,-12.64,7999455.069288053,-2.18,33.5,1.19,0,1,35,Distribution
TDY,TDY,2026-03-19,16957943.0,-1.46,5926597.525055846,9.59,42.3,0.82,0,0,60,Accumulation
TEAM,TEAM,2026-03-19,-61768954.0,4.4,17830024.773964725,-11.67,50.0,0.7,0,0,35,Distribution
TECH,TECH,2026-03-19,38754971.0,-19.93,81143536.08892658,5.45,23.1,0.98,0,0,40,Distribution
TEL,TEL,2026-03-19,81452637.0,-7.63,26039205.765718598,-23.7,36.0,0.74,0,1,25,Strong Distribution
TER,TER,2026-03-19,74438109.0,-8.75,154353039.3911618,2.49,49.6,0.75,0,0,40,Distribution
TFC,TFC,2026-03-19,-15868888.0,-126.26,295350407.62597495,-12.74,25.2,0.98,0,1,15,Strong Distribution
TGT,TGT,2026-03-19,-283787037.0,-10.75,-44182481.40488517,14.27,50.2,0.71,0,0,50,Neutral
TJX,TJX,2026-03-19,403020522.0,-7.51,79707958.61702803,17.2,23.9,0.71,0,0,50,Neutral
TKO,TKO,2026-03-19,36982775.0,-10.09,26382468.525179874,2.8,24.5,0.83,0,3,30,Distribution
TMO,TMO,2026-03-19,14327967.0,46.67,30437754.618025184,0.8,43.8,1.26,0,0,70,Strong Accumulation
TMUS,TMUS,2026-03-19,334393956.0,1.57,281675035.56957185,3.91,50.5,0.92,0,0,50,Neutral
TPL,TPL,2026-03-19,10139743.0,43.06,8569635.860136287,21.15,60.3,0.62,0,2,75,Strong Accumulation
TPR,TPR,2026-03-19,477593775.0,-1.36,135145143.9472996,-1.84,28.8,0.59,0,0,40,Distribution
TRGP,TRGP,2026-03-19,305709884.0,2.3,213852416.55000567,0.54,46.4,0.79,0,0,50,Neutral
TRI,TRI,2026-03-19,-26488040.0,21.05,-12114608.698371122,48.18,57.9,0.6,0,1,75,Strong Accumulation
TRMB,TRMB,2026-03-19,178885025.0,2.29,139840216.8155602,5.3,46.6,0.84,0,0,60,Accumulation
TROW,TROW,2026-03-19,14381799.0,-39.52,4704072.697193456,-27.23,27.7,1.07,0,0,15,Strong Distribution
TRV,TRV,2026-03-19,156712733.0,5.44,52969302.602356434,1.28,53.7,0.82,0,0,60,Accumulation
TSCO,TSCO,2026-03-19,432018142.0,-4.79,349220949.7426548,-1.72,33.0,0.83,0,0,50,Neutral
TSLA,TSLA,2026-03-19,17848998055.0,-0.98,10133462082.195429,-0.46,41.7,0.93,0,0,50,Neutral
TSN,TSN,2026-03-19,-27995672.0,-25.81,13061744.646512233,74.94,48.4,0.85,0,1,50,Neutral
TT,TT,2026-03-19,168684394.0,-1.09,96711497.62714434,4.2,25.0,1.01,0,0,45,Neutral
TTD,TTD,2026-03-19,534416158.0,-14.11,-107859472.44935666,-12.67,52.8,0.91,0,2,20,Strong Distribution
TTWO,TTWO,2026-03-19,95344989.0,-9.52,55570944.7707224,2.88,34.0,0.9,0,0,40,Distribution
TXN,TXN,2026-03-19,92635141.0,-37.13,289191418.699469,-4.5,29.5,0.7,0,0,30,Distribution
TXT,TXT,2026-03-19,82552445.0,-3.66,30686963.502511457,10.51,33.4,1.03,0,0,65,Accumulation
TYL,TYL,2026-03-19,2275347.0,127.27,6393410.909590112,22.11,72.0,0.73,0,0,85,Strong Accumulation
UAL,UAL,2026-03-19,-96528182.0,-24.56,116736071.68764022,10.75,32.6,0.86,0,1,50,Neutral
UBER,UBER,2026-03-19,491816098.0,22.15,533929687.047031,-0.68,62.9,0.94,0,0,65,Accumulation
UDR,UDR,2026-03-19,-38200227.0,-41.42,59390663.21180632,5.13,19.6,0.77,0,0,40,Distribution
UHS,UHS,2026-03-19,26884405.0,-7.68,30567750.31520032,-5.72,37.8,0.84,0,2,30,Distribution
ULTA,ULTA,2026-03-19,12121081.0,-34.36,-31092927.478302438,-22.86,29.8,2.03,2,3,25,Strong Distribution
UNH,UNH,2026-03-19,24984707.0,33.58,109153882.5895596,-3.61,51.4,0.67,0,0,60,Accumulation
UNP,UNP,2026-03-19,93285135.0,-16.26,-4145471.3732595434,4.75,26.2,0.9,0,0,30,Distribution
UPS,UPS,2026-03-19,-133976722.0,-57.63,-64179182.79214002,-30.73,15.2,0.76,0,2,15,Strong Distribution
URI,URI,2026-03-19,30793427.0,-7.26,32402872.787019093,0.39,25.5,0.93,0,0,35,Distribution
USB,USB,2026-03-19,-112710181.0,-106.39,394716480.5024826,-3.13,28.9,0.89,0,0,30,Distribution
V,V,2026-03-19,327518473.0,-2.88,110166143.2071319,0.48,34.2,0.82,0,0,50,Neutral
VICI,VICI,2026-03-19,-132279423.0,-22.96,88283744.83690965,12.17,37.6,0.9,0,2,50,Neutral
VLO,VLO,2026-03-19,-12344848.0,67.92,-23846815.209290687,20.54,71.2,0.88,0,2,85,Strong Accumulation
VLTO,VLTO,2026-03-19,-1778722.0,-122.54,24520930.538874168,20.41,28.3,0.67,0,0,40,Distribution
VMC,VMC,2026-03-19,66530349.0,-6.72,43169219.81536435,5.88,20.9,0.79,0,1,45,Neutral
VRSK,VRSK,2026-03-19,54495943.0,16.23,80833226.0328857,14.43,61.4,0.7,0,0,75,Strong Accumulation
VRSN,VRSN,2026-03-19,35855621.0,4.77,36981672.041003235,6.59,77.3,0.74,0,0,65,Accumulation
VRTX,VRTX,2026-03-19,112358685.0,-3.96,45435890.86486454,-4.3,20.6,0.94,0,0,45,Neutral
VST,VST,2026-03-19,253736006.0,-0.46,77589984.07257253,12.51,48.9,0.61,0,0,60,Accumulation
VTR,VTR,2026-03-19,177169724.0,3.99,101149386.720947,-3.04,62.6,1.13,1,2,50,Neutral
VTRS,VTRS,2026-03-19,25270145.0,-76.1,22913579.878990855,-73.8,22.7,0.86,0,1,15,Strong Distribution
VZ,VZ,2026-03-19,-175506118.0,-136.36,-138687335.03650117,41.1,47.3,0.9,0,0,50,Neutral
WAB,WAB,2026-03-19,72283466.0,-5.15,95949682.2744415,0.98,28.3,0.69,0,0,30,Distribution
WAT,WAT,2026-03-19,-16530211.0,-24.93,13552548.016652701,-13.37,50.1,0.85,0,0,20,Strong Distribution
WBD,WBD,2026-03-19,1878897127.0,-5.14,481056559.31064504,0.97,41.2,0.95,0,1,40,Distribution
WDAY,WDAY,2026-03-19,143917992.0,8.87,45503599.97268346,4.84,70.6,0.7,0,0,60,Accumulation
WDC,WDC,2026-03-19,654237171.0,-2.03,84315793.91931747,10.07,56.6,1.14,0,0,65,Accumulation
WEC,WEC,2026-03-19,58508800.0,-0.4,88438754.9388343,9.67,43.9,0.77,0,0,60,Accumulation
WELL,WELL,2026-03-19,203148938.0,-2.38,55735923.090896904,10.42,45.7,0.9,0,1,65,Accumulation
WFC,WFC,2026-03-19,643991592.0,-14.6,229099282.34907827,11.86,33.4,0.87,0,0,50,Neutral
WM,WM,2026-03-19,166996505.0,7.13,113651673.51970299,3.9,60.8,0.72,0,0,60,Accumulation
WMB,WMB,2026-03-19,619119584.0,0.56,522207109.0457099,-0.36,47.4,0.86,0,0,50,Neutral
WMT,WMT,2026-03-19,1228338096.0,-1.6,669895944.3785623,7.3,40.5,0.85,0,0,60,Accumulation
WRB,WRB,2026-03-19,195706789.0,1.74,43254873.35179936,4.1,31.0,0.8,0,1,50,Neutral
WSM,WSM,2026-03-19,155115761.0,-5.84,153001322.4510845,0.19,37.7,1.33,1,1,45,Neutral
WST,WST,2026-03-19,22928935.0,5.44,27263559.80830094,5.31,55.0,0.97,0,0,70,Strong Accumulation
WTW,WTW,2026-03-19,16853657.0,-20.49,-3626088.3393912464,-60.7,33.8,0.65,0,0,15,Strong Distribution
WY,WY,2026-03-19,137217365.0,-8.18,20920002.458518617,100.65,39.8,0.76,0,0,55,Accumulation
WYNN,WYNN,2026-03-19,-116179174.0,-2.21,-32986195.23042867,2.76,43.2,0.82,0,0,50,Neutral
XEL,XEL,2026-03-19,242127197.0,-1.24,201436726.9032632,0.06,31.9,0.93,0,0,50,Neutral
XOM,XOM,2026-03-19,790130273.0,24.61,-4078263.2883650213,88.72,74.1,0.96,0,0,85,Strong Accumulation
XYL,XYL,2026-03-19,-12982531.0,-138.89,48911007.96854466,4.43,29.1,0.85,0,0,30,Distribution
XYZ,XYZ,2026-03-19,448369824.0,10.61,285412934.8680555,8.96,34.3,0.52,0,1,70,Strong Accumulation
YUM,YUM,2026-03-19,112029644.0,2.7,49980786.55067694,4.34,48.7,0.97,0,0,50,Neutral
ZBH,ZBH,2026-03-19,-56676928.0,-2.44,-13285706.136214769,-15.91,36.5,0.9,0,0,35,Distribution
ZBRA,ZBRA,2026-03-19,-14975288.0,-36.7,2064690.0761247962,-62.66,43.9,0.75,0,0,20,Strong Distribution
ZS,ZS,2026-03-19,240617135.0,0.45,206092230.9257542,2.25,70.7,0.55,0,3,50,Neutral
ZTS,ZTS,2026-03-19,-32719666.0,-40.84,-53551552.675538704,4.57,21.7,0.95,0,0,30,Distribution
