ticker,name,date,obv,obv_change_20d,ad_line,ad_change_20d,mfi,vol_ratio_5d_20d,surge_count_5d,surge_count_20d,supply_demand_score,supply_demand_stage
A,A,2026-03-31,91892472.0,-6.42,43067654.32987345,-18.27,58.7,0.73,0,0,25,Strong Distribution
AAPL,AAPL,2026-03-31,3218238206.0,-7.19,6454284928.817796,-0.31,42.9,1.01,0,1,40,Distribution
ABBV,ABBV,2026-03-31,562341090.0,-8.95,467695756.84839153,-3.23,32.9,0.7,0,1,40,Distribution
ABNB,ABNB,2026-03-31,66514939.0,-8.77,219289027.23136842,-2.73,40.6,0.91,0,0,40,Distribution
ABT,ABT,2026-03-31,162040593.0,-47.98,201362862.45005417,-35.44,12.4,0.67,0,1,10,Strong Distribution
ACGL,ACGL,2026-03-31,336025891.0,0.78,112894265.96869548,-3.48,42.3,1.04,0,1,50,Neutral
ACN,ACN,2026-03-31,-3649412.0,-115.35,72412025.15773332,-34.19,73.4,0.57,0,1,20,Strong Distribution
ADBE,ADBE,2026-03-31,-92072725.0,-14.87,54453619.26920442,-18.05,23.3,0.71,0,3,15,Strong Distribution
ADI,ADI,2026-03-31,204550547.0,-12.93,199158739.66704372,-6.86,51.6,0.9,0,0,25,Strong Distribution
ADM,ADM,2026-03-31,168016427.0,-2.83,19805041.154468294,-31.35,49.7,0.77,0,3,35,Distribution
ADP,ADP,2026-03-31,11291523.0,-48.07,104786499.24384244,-17.18,26.8,0.73,0,1,15,Strong Distribution
ADSK,ADSK,2026-03-31,55623593.0,-9.23,51553878.07015495,-4.08,32.1,0.89,0,1,40,Distribution
AEE,AEE,2026-03-31,98509998.0,2.44,83980220.47216095,-2.38,62.2,0.72,0,1,50,Neutral
AEP,AEP,2026-03-31,260058957.0,-3.26,178876698.11230648,-3.7,54.6,0.85,0,1,50,Neutral
AES,AES,2026-03-31,46509667.0,-67.27,-342174465.700659,-42.13,41.4,0.87,0,0,20,Strong Distribution
AFL,AFL,2026-03-31,306924402.0,-0.26,102277436.4142845,-6.96,50.8,0.86,0,1,40,Distribution
AIG,AIG,2026-03-31,351270483.0,-2.13,-178992872.77761352,-7.38,57.1,0.85,0,0,40,Distribution
AIZ,AIZ,2026-03-31,49863899.0,-1.29,9524545.366925493,-3.07,40.8,0.68,0,0,45,Neutral
AJG,AJG,2026-03-31,86007425.0,0.11,57253044.858732775,-4.88,58.9,0.83,0,0,50,Neutral
AKAM,AKAM,2026-03-31,114728788.0,15.97,-7476138.096643714,61.79,66.8,1.09,0,1,80,Strong Accumulation
ALB,ALB,2026-03-31,129260430.0,-1.0,-8207157.673843114,12.42,63.2,0.9,0,0,65,Accumulation
ALGN,ALGN,2026-03-31,-40232747.0,-13.9,14189705.280949095,-8.37,45.7,0.67,0,0,20,Strong Distribution
ALL,ALL,2026-03-31,77226926.0,1.18,19144414.125395983,-13.49,68.8,0.79,0,1,35,Distribution
ALLE,ALLE,2026-03-31,32047489.0,-9.05,10628188.132101325,-21.93,41.3,0.85,0,0,25,Strong Distribution
ALNY,ALNY,2026-03-31,67542979.0,-0.93,49469900.61527522,-4.22,53.0,0.95,0,1,50,Neutral
AMAT,AMAT,2026-03-31,365089849.0,-4.05,327127090.29903954,-1.9,55.8,1.01,0,1,50,Neutral
AMCR,AMCR,2026-03-31,-414978159.0,-14.08,-164379440.56545427,-22.46,22.0,0.7,0,1,15,Strong Distribution
AMD,AMD,2026-03-31,2232314650.0,-1.36,2287509550.2018013,-2.56,50.9,1.25,0,0,55,Accumulation
AME,AME,2026-03-31,103641418.0,-10.11,56148904.60472176,-13.3,21.5,0.7,0,1,10,Strong Distribution
AMGN,AMGN,2026-03-31,70534104.0,-8.49,138891428.77748144,-5.24,17.0,0.89,0,1,25,Strong Distribution
AMP,AMP,2026-03-31,38188209.0,-0.31,22930168.68203458,-3.68,50.1,0.68,0,2,45,Neutral
AMT,AMT,2026-03-31,24037322.0,-18.08,82965133.92537965,-9.03,37.4,1.02,0,1,25,Strong Distribution
AMZN,AMZN,2026-03-31,3742461736.0,-2.85,2278201801.488975,-5.09,36.2,1.03,0,0,40,Distribution
ANET,ANET,2026-03-31,1099190732.0,-1.41,702796058.8929968,-1.48,37.3,0.98,0,0,50,Neutral
AON,AON,2026-03-31,74935265.0,0.04,36895668.6408428,-4.88,65.6,0.75,0,0,50,Neutral
AOS,AOS,2026-03-31,-19893936.0,-78.86,-5143282.294153805,-25.2,24.9,0.85,0,2,15,Strong Distribution
APA,APA,2026-03-31,944364345.0,11.01,-151673998.34485728,25.11,82.9,1.12,0,1,85,Strong Accumulation
APD,APD,2026-03-31,67818237.0,-0.72,72330354.69106004,0.1,46.2,0.8,0,1,50,Neutral
APH,APH,2026-03-31,650379774.0,-4.35,506167322.6857548,-6.5,39.3,0.97,0,0,40,Distribution
APO,APO,2026-03-31,265309070.0,-6.0,79794325.13360316,20.34,63.6,0.72,0,0,55,Accumulation
APP,APP,2026-03-31,503733265.0,-2.44,311332941.8349106,-2.39,39.3,0.91,0,0,50,Neutral
APTV,APTV,2026-03-31,-27382081.0,-44.79,16673813.998430163,-24.19,33.6,0.87,0,1,20,Strong Distribution
ARE,ARE,2026-03-31,-80088292.0,-6.05,-47914341.29903759,-18.22,32.1,0.9,0,1,25,Strong Distribution
ARES,ARES,2026-03-31,82359342.0,-13.01,77818027.0932683,-9.56,40.9,0.58,0,2,20,Strong Distribution
ARM,ARM,2026-03-31,246391326.0,10.86,94615783.41206083,-24.16,73.8,2.05,2,3,65,Accumulation
ASML,ASML,2026-03-31,48227069.0,-17.63,75471595.16999811,-3.79,45.7,1.09,0,0,35,Distribution
ATO,ATO,2026-03-31,145133161.0,-3.56,68122451.33900316,-3.97,42.8,0.5,0,1,45,Neutral
AVB,AVB,2026-03-31,-19238534.0,-33.49,32689284.19937428,-12.53,33.4,0.9,0,0,20,Strong Distribution
AVGO,AVGO,2026-03-31,2766130837.0,-3.57,1566270625.5511022,-5.76,18.8,0.79,0,1,35,Distribution
AVY,AVY,2026-03-31,-4417826.0,-135.47,16969130.17342019,-13.26,37.5,0.86,0,0,20,Strong Distribution
AWK,AWK,2026-03-31,42663917.0,-6.9,38903692.747913755,1.79,36.9,0.79,0,1,40,Distribution
AXON,AXON,2026-03-31,114662068.0,-5.44,28736021.80084295,-10.68,18.5,1.14,0,0,20,Strong Distribution
AXP,AXP,2026-03-31,49191500.0,-12.34,233339670.51990572,1.97,36.4,0.76,0,0,35,Distribution
AZN,AZN,2026-01-13,543569637.0,2.0,-184535814.63315493,-1.47,39.9,1.44,1,1,55,Accumulation
AZO,AZO,2026-03-31,14480732.0,-2.65,10649227.38107397,-5.64,26.4,0.8,0,1,35,Distribution
BA,BA,2026-03-31,-13461904.0,-142.19,-956906005.6133903,-1.8,35.0,0.77,0,1,35,Distribution
BAC,BAC,2026-03-31,609581282.0,-0.08,785464834.9866887,-5.84,53.7,0.86,0,0,40,Distribution
BALL,BALL,2026-03-31,17205657.0,-42.48,17287707.27533928,-32.11,43.8,1.13,0,1,20,Strong Distribution
BAX,BAX,2026-03-31,-93007954.0,-80.44,-59072626.11257378,-53.53,35.8,0.71,0,0,20,Strong Distribution
BBY,BBY,2026-03-31,81602174.0,-10.66,-41184926.97994507,-10.89,46.4,1.1,1,2,20,Strong Distribution
BDX,BDX,2026-03-31,-81630901.0,-20.03,45014308.94845898,-9.58,42.4,0.76,0,0,25,Strong Distribution
BEN,BEN,2026-03-31,-33883181.0,-29.43,-30003627.238173835,-83.15,46.3,0.9,0,1,20,Strong Distribution
BF-B,BF-B,2026-03-31,-58728123.0,14.7,-141034173.5579864,-23.78,62.9,1.47,1,2,55,Accumulation
BG,BG,2026-03-31,114046415.0,2.42,64384685.89963779,-0.25,56.2,0.87,0,2,50,Neutral
BIIB,BIIB,2026-03-31,-45948210.0,-2.44,-27973052.275291413,-0.54,37.8,1.19,1,2,50,Neutral
BK,BK,2026-03-31,491185498.0,0.55,245124529.69187802,4.99,74.2,0.9,0,1,55,Accumulation
BKNG,BKNG,2026-03-31,1873162.0,51.22,3751869.7134591434,7.4,46.5,1.0,0,0,75,Strong Accumulation
BKR,BKR,2026-03-31,509699808.0,-6.07,321430437.3593781,-4.46,50.6,0.77,0,1,40,Distribution
BLDR,BLDR,2026-03-31,98321639.0,-16.07,-35075197.040939815,-21.93,37.5,0.64,0,0,15,Strong Distribution
BLK,BLK,2026-03-31,80760274.0,-1.27,46134625.817964904,-2.94,48.6,0.7,0,1,45,Neutral
BMY,BMY,2026-03-31,256692055.0,-25.1,-395736566.0759789,-6.06,38.1,0.75,0,1,25,Strong Distribution
BR,BR,2026-03-31,-4372959.0,-151.23,35480360.04203339,-14.82,16.4,0.92,0,1,15,Strong Distribution
BRK-B,BRK-B,2026-03-31,218039791.0,-9.79,172515513.38165843,-3.35,40.7,0.93,0,1,40,Distribution
BRO,BRO,2026-03-31,41153759.0,4.76,69619802.63640358,-20.48,55.4,1.37,1,2,40,Distribution
BSX,BSX,2026-03-31,342840274.0,-17.89,214469629.51958457,-11.18,28.4,1.49,1,1,20,Strong Distribution
BX,BX,2026-03-31,110281150.0,-34.66,220925341.15485618,-8.66,30.0,0.62,0,1,15,Strong Distribution
BXP,BXP,2026-03-31,-30104514.0,4.7,12908970.854085814,-25.93,46.6,0.76,0,0,35,Distribution
C,C,2026-03-31,112364278.0,-28.87,199280374.54269624,-14.19,64.8,1.09,0,1,20,Strong Distribution
CAG,CAG,2026-03-31,-368459161.0,-22.72,-217417283.14958203,-47.81,41.1,1.08,0,2,20,Strong Distribution
CAH,CAH,2026-03-31,287551526.0,-3.04,219042722.4078611,-3.58,24.7,0.75,0,1,45,Neutral
CARR,CARR,2026-03-31,233446319.0,-5.86,279053790.541774,-9.29,48.2,1.03,1,2,30,Distribution
CAT,CAT,2026-03-31,179744612.0,-8.05,174612931.3380759,-1.85,44.7,0.85,0,1,40,Distribution
CB,CB,2026-03-31,162606903.0,-2.23,34232275.42562085,-16.96,60.6,0.7,0,1,30,Distribution
CBOE,CBOE,2026-03-31,59939875.0,-4.34,18073043.67279556,-11.12,53.5,0.91,0,0,35,Distribution
CBRE,CBRE,2026-03-31,18094282.0,-25.47,65840715.01170926,-1.22,52.7,0.79,0,0,35,Distribution
CCEP,CCEP,2026-03-31,100814517.0,-9.78,49319475.792793855,-22.93,37.5,1.13,0,1,25,Strong Distribution
CCI,CCI,2026-03-31,45094166.0,-19.5,64596119.79044323,-10.59,36.3,1.15,0,0,20,Strong Distribution
CCL,CCL,2026-03-31,621503286.0,-12.83,141417270.75748432,-37.25,34.7,0.95,0,0,20,Strong Distribution
CDNS,CDNS,2026-03-31,63502643.0,-23.16,93982221.03281917,-8.47,27.3,0.94,0,0,20,Strong Distribution
CDW,CDW,2026-03-31,22158329.0,-7.72,23479337.13641567,-1.54,62.1,0.92,0,1,40,Distribution
CEG,CEG,2026-03-31,152480560.0,-4.91,64425672.83187097,-12.53,35.6,1.12,0,1,35,Distribution
CF,CF,2026-03-31,222120430.0,12.63,41727832.379606344,5.99,49.8,0.65,0,4,70,Strong Accumulation
CFG,CFG,2026-03-31,31383941.0,-43.95,114081225.47338082,3.16,55.7,0.74,0,0,35,Distribution
CHD,CHD,2026-03-31,129909822.0,-4.85,57180684.6362193,-9.91,25.3,0.73,0,1,35,Distribution
CHRW,CHRW,2026-03-31,84228021.0,-9.12,26665327.591641165,-28.3,37.3,1.0,0,0,25,Strong Distribution
CHTR,CHTR,2026-03-31,-53856096.0,5.38,-101397204.88013883,-0.63,54.7,1.11,0,1,60,Accumulation
CI,CI,2026-03-31,76671902.0,-13.55,-10327305.459507523,-55.48,45.5,0.92,0,1,20,Strong Distribution
CIEN,CIEN,2026-03-31,257683558.0,5.09,167340763.3241436,-1.2,68.4,0.81,0,0,60,Accumulation
CINF,CINF,2026-03-31,19739636.0,7.88,987805.0938329555,31.75,34.4,0.59,0,1,70,Strong Accumulation
CL,CL,2026-03-31,296362461.0,-7.81,105004060.65127377,-17.88,36.8,0.86,0,1,25,Strong Distribution
CLX,CLX,2026-03-31,48693799.0,-20.44,-27464683.410351466,-16.45,25.0,1.0,0,1,15,Strong Distribution
CMCSA,CMCSA,2026-03-31,428736902.0,38.5,-58993042.068401,-133.1,61.5,0.62,0,1,45,Neutral
CME,CME,2026-03-31,172772964.0,-4.62,115309201.02269392,-2.55,44.4,0.9,0,0,50,Neutral
CMG,CMG,2026-03-31,479613048.0,-10.78,664749031.4717906,-9.36,45.3,0.77,0,0,25,Strong Distribution
CMI,CMI,2026-03-31,94812999.0,-6.27,21825999.48964502,-11.77,41.7,0.97,0,0,25,Strong Distribution
CMS,CMS,2026-03-31,249809548.0,0.8,122010061.70196775,-1.28,54.4,0.85,0,0,50,Neutral
CNC,CNC,2026-03-31,-112296309.0,-63.38,-261500797.12715104,-16.83,39.6,0.87,0,4,20,Strong Distribution
CNP,CNP,2026-03-31,279181438.0,-3.63,52042189.03826335,-25.1,46.7,0.67,0,1,30,Distribution
COF,COF,2026-03-31,190309224.0,-0.18,65014694.20337887,2.68,63.4,0.75,0,0,50,Neutral
COHR,COHR,2026-03-31,222485312.0,-12.64,22184551.758574355,-58.81,34.7,0.6,0,1,15,Strong Distribution
COIN,COIN,2026-03-31,-58947332.0,-200.85,-137315968.58848858,-48.29,40.0,0.89,0,0,20,Strong Distribution
COO,COO,2026-03-31,-21817817.0,-71.69,14796477.141501606,-21.48,42.5,0.7,0,1,15,Strong Distribution
COP,COP,2026-03-31,6132559.0,105.25,-246317211.15265998,9.38,75.1,0.8,0,1,80,Strong Accumulation
COR,COR,2026-03-31,124135596.0,-9.08,105163493.21263908,-6.01,21.4,1.07,1,3,25,Strong Distribution
COST,COST,2026-03-31,111169020.0,-2.04,221607915.66228047,-1.3,51.1,0.93,0,0,50,Neutral
CPAY,CPAY,2026-03-31,26768042.0,-3.34,1574125.8473575958,-57.36,28.4,0.58,0,0,25,Strong Distribution
CPB,CPB,2026-03-31,-284804580.0,-10.46,-160985901.30820483,-26.6,45.6,0.95,0,3,20,Strong Distribution
CPRT,CPRT,2026-03-31,24992482.0,-45.59,137257858.44886637,-22.31,61.9,0.83,0,0,20,Strong Distribution
CPT,CPT,2026-03-31,69834470.0,-5.55,34668259.95706286,-15.14,46.0,0.94,0,2,25,Strong Distribution
CRH,CRH,2026-03-31,33893791.0,-31.85,306575715.22407377,-0.81,63.0,0.8,0,0,35,Distribution
CRL,CRL,2026-03-31,-16397603.0,10.02,39452348.265167184,-4.34,52.8,0.99,0,0,65,Accumulation
CRM,CRM,2026-03-31,273104759.0,6.94,355381525.36360174,0.9,59.8,0.83,0,1,60,Accumulation
CRWD,CRWD,2026-03-31,304379301.0,0.73,452681763.52778727,-1.66,28.3,0.95,0,0,45,Neutral
CSCO,CSCO,2026-03-31,1147641499.0,-9.97,1505645804.7964191,-4.44,41.4,0.96,0,1,40,Distribution
CSGP,CSGP,2026-03-31,7267540.0,235.89,29778672.87976178,0.6,35.8,0.98,0,1,65,Accumulation
CSX,CSX,2026-03-31,173080182.0,3.33,-126783916.01995578,-34.69,51.8,1.08,0,0,35,Distribution
CTAS,CTAS,2026-03-31,181724889.0,-5.09,80168377.91365747,-14.52,16.3,1.14,0,2,20,Strong Distribution
CTRA,CTRA,2026-03-31,454874607.0,30.08,-153329373.68408957,7.51,84.4,0.63,0,1,75,Strong Accumulation
CTSH,CTSH,2026-03-31,66208691.0,18.04,114151987.02738266,1.7,52.8,0.65,0,0,60,Accumulation
CTVA,CTVA,2026-03-31,151172406.0,2.03,212637649.55956414,1.05,50.9,0.94,0,1,50,Neutral
CVNA,CVNA,2026-03-31,1247700782.0,0.16,-160273521.52653617,5.54,56.9,1.15,0,0,60,Accumulation
CVS,CVS,2026-03-31,179935411.0,-28.14,151240886.61501095,-14.17,32.3,0.74,0,1,20,Strong Distribution
CVX,CVX,2026-03-31,889496181.0,19.32,238015135.14654416,11.17,90.1,0.8,0,2,85,Strong Accumulation
D,D,2026-03-31,74520590.0,3.01,47004211.54672999,-19.45,62.5,0.77,0,0,35,Distribution
DAL,DAL,2026-03-31,-429950451.0,-4.86,390547006.9220866,8.81,56.8,0.82,0,4,60,Accumulation
DASH,DASH,2026-03-31,61993967.0,-26.6,226364358.82023776,-4.41,33.9,1.19,0,0,35,Distribution
DAY,DAY,2026-01-30,43451772.0,-9.47,48795994.01276179,-23.68,41.2,1.14,1,2,25,Strong Distribution
DD,DD,2026-03-31,-163651891.0,-20.87,-157310411.14925787,-2.29,36.0,0.79,0,1,35,Distribution
DDOG,DDOG,2026-03-31,96121704.0,1.59,250825946.74973494,-4.2,40.1,1.04,0,1,50,Neutral
DE,DE,2026-03-31,45121775.0,-15.25,24007988.878478333,-4.16,15.8,0.92,0,1,30,Distribution
DECK,DECK,2026-03-31,119758166.0,-5.42,44036322.30410892,-16.34,35.1,1.04,0,0,25,Strong Distribution
DELL,DELL,2026-03-31,210103405.0,15.36,173595461.76969856,0.41,64.0,1.15,0,1,65,Accumulation
DG,DG,2026-03-31,-121730207.0,-21.54,21133223.581418276,-21.69,24.0,0.73,0,1,15,Strong Distribution
DGX,DGX,2026-03-31,61644152.0,-1.85,39365148.39316411,-6.13,35.1,0.99,0,1,40,Distribution
DHI,DHI,2026-03-31,101274152.0,-14.53,77832100.39484444,-10.42,33.1,1.02,0,1,20,Strong Distribution
DHR,DHR,2026-03-31,64680663.0,-12.26,88604368.78207299,-7.8,34.6,1.05,0,0,25,Strong Distribution
DIS,DIS,2026-03-31,-654897618.0,-11.41,150453627.43203574,-19.09,20.2,0.9,0,1,15,Strong Distribution
DLR,DLR,2026-03-31,91662944.0,-8.34,116965717.71256395,-7.16,43.6,0.76,0,0,30,Distribution
DLTR,DLTR,2026-03-31,-1383339.0,-109.54,-21516028.111747127,-19.42,44.3,0.84,0,1,20,Strong Distribution
DOC,DOC,2026-03-31,-46758782.0,-101.6,-24945020.171302028,-447.47,53.7,1.04,0,1,20,Strong Distribution
DOV,DOV,2026-03-31,15813117.0,-31.4,22277802.97051694,-12.8,44.7,0.77,0,0,20,Strong Distribution
DOW,DOW,2026-03-31,-272908753.0,13.3,-322170650.94555724,-3.31,70.7,0.83,0,1,70,Strong Accumulation
DPZ,DPZ,2026-03-31,3653796.0,-56.45,-7714080.592541363,7.98,20.2,1.1,0,0,40,Distribution
DRI,DRI,2026-03-31,66569963.0,-4.6,67149852.93005773,-4.39,70.2,0.6,0,2,50,Neutral
DTE,DTE,2026-03-31,149935794.0,0.15,40970105.823885955,-8.89,43.1,0.67,0,1,35,Distribution
DUK,DUK,2026-03-31,300297332.0,1.69,165034172.9542422,-3.68,55.9,0.81,0,0,50,Neutral
DVA,DVA,2026-03-31,25160906.0,-6.98,24609057.60035461,-5.41,44.2,0.6,0,1,25,Strong Distribution
DVN,DVN,2026-03-31,271138198.0,30.78,129877310.87595247,16.9,60.1,0.76,0,3,80,Strong Accumulation
DXCM,DXCM,2026-03-31,193608786.0,-16.12,44572735.99870208,-35.74,35.6,0.83,0,1,20,Strong Distribution
EA,EA,2026-03-31,168178116.0,-1.12,60531543.54203416,5.02,65.1,0.89,0,2,60,Accumulation
EBAY,EBAY,2026-03-31,384996026.0,0.59,162214055.87111565,-5.61,51.9,0.95,0,1,40,Distribution
ECL,ECL,2026-03-31,195326919.0,-4.63,81586916.79039727,-1.99,33.4,0.98,0,1,50,Neutral
ED,ED,2026-03-31,50181905.0,-3.83,18779921.60075463,4.49,64.2,0.84,0,0,50,Neutral
EFX,EFX,2026-03-31,18562919.0,7.63,16376021.084601745,-31.0,46.5,1.22,0,1,50,Neutral
EG,EG,2026-03-31,17058569.0,9.68,-4699175.084297026,-16.96,49.3,0.68,0,1,40,Distribution
EIX,EIX,2026-03-31,91107395.0,-17.88,77262433.8008673,-10.27,45.6,0.71,0,1,20,Strong Distribution
EL,EL,2026-03-31,-161916652.0,-15.12,-86081536.30862264,-37.74,29.2,1.03,0,2,15,Strong Distribution
ELV,ELV,2026-03-31,-6976362.0,30.56,3958732.207160467,-32.81,59.8,0.56,0,0,45,Neutral
EME,EME,2026-03-31,55549685.0,-2.28,28353900.92980369,-3.02,48.6,0.73,0,1,50,Neutral
EMR,EMR,2026-03-31,165530715.0,-7.6,167022959.80326802,-3.49,31.4,1.11,0,0,40,Distribution
EOG,EOG,2026-03-31,4256469.0,110.26,40274622.83819734,-9.78,80.1,0.74,0,1,60,Accumulation
EPAM,EPAM,2026-03-31,22825167.0,3.57,9756722.181289082,-21.99,37.3,0.67,0,1,30,Distribution
EQIX,EQIX,2026-03-31,13920122.0,-19.61,28223550.153998386,-3.39,49.5,0.81,0,1,35,Distribution
EQR,EQR,2026-03-31,25111408.0,-6.85,60232124.89856645,-2.78,51.6,1.0,0,1,40,Distribution
EQT,EQT,2026-03-31,451233189.0,6.71,424287701.63456154,-5.52,50.1,0.85,0,0,50,Neutral
ERIE,ERIE,2026-03-31,4913046.0,-26.69,-5852222.450342427,-27.39,87.1,0.67,0,1,20,Strong Distribution
ES,ES,2026-03-31,107490895.0,-7.31,74857259.59818567,-13.02,31.0,0.88,0,2,25,Strong Distribution
ESS,ESS,2026-03-31,31250044.0,-3.0,19310238.838822406,-9.13,43.8,0.91,0,1,40,Distribution
ETN,ETN,2026-03-31,110073955.0,6.89,131840679.51334485,-4.98,61.2,0.86,0,0,60,Accumulation
ETR,ETR,2026-03-31,253373929.0,3.14,235303892.9340105,-0.22,75.6,1.42,1,2,60,Accumulation
EVRG,EVRG,2026-03-31,255021329.0,-0.43,115394253.84803966,-5.38,58.5,0.71,0,0,40,Distribution
EW,EW,2026-03-31,28051482.0,-33.09,154600173.4739987,-0.83,42.1,0.93,0,0,35,Distribution
EXC,EXC,2026-03-31,391217627.0,-2.56,485594784.3734592,0.55,70.8,0.73,0,0,55,Accumulation
EXE,EXE,2026-03-31,121484606.0,8.13,58436474.43401871,-14.93,45.3,0.87,0,2,45,Neutral
EXPD,EXPD,2026-03-31,44847584.0,-0.36,58763241.062390596,-0.45,50.4,0.57,0,0,45,Neutral
EXPE,EXPE,2026-03-31,18074270.0,-2.03,70632902.05300884,11.1,48.8,0.62,0,1,60,Accumulation
EXR,EXR,2026-03-31,-27338302.0,-50.25,33501017.625875648,-15.23,21.7,0.89,0,1,15,Strong Distribution
F,F,2026-03-31,-743686024.0,-70.9,-745174561.4198005,-30.66,20.8,0.61,0,1,10,Strong Distribution
FANG,FANG,2026-03-31,166694068.0,2.66,32328696.963981435,4.04,73.2,0.93,0,2,55,Accumulation
FAST,FAST,2026-03-31,457004084.0,-1.83,690724158.7221763,-2.14,39.9,0.75,0,1,50,Neutral
FCX,FCX,2026-03-31,299816153.0,-24.32,1005766610.216125,3.62,45.5,0.79,0,0,35,Distribution
FDS,FDS,2026-03-31,23316618.0,18.55,-1795382.3353876085,-16.96,69.2,1.18,0,1,50,Neutral
FDX,FDX,2026-03-31,177485253.0,-0.93,12410855.492376264,-38.73,44.5,0.72,0,2,35,Distribution
FE,FE,2026-03-31,224072983.0,0.9,205745097.96230775,-4.95,59.4,0.81,0,1,50,Neutral
FER,FER,2026-03-31,-53811452.0,-21.64,20378727.123898663,-19.37,31.3,1.01,0,1,20,Strong Distribution
FFIV,FFIV,2026-03-31,50946879.0,-2.93,32405341.5830782,-4.02,41.1,0.82,0,2,50,Neutral
FICO,FICO,2026-03-31,7962592.0,-10.19,-622548.3539014512,-194.61,40.8,0.63,0,2,15,Strong Distribution
FIS,FIS,2026-03-31,-46325398.0,-70.44,67057661.757726215,-3.48,39.4,1.24,0,0,40,Distribution
FISV,FISV,2026-03-31,-158534769.0,4.02,23763836.0524736,1.78,44.7,1.02,0,0,50,Neutral
FITB,FITB,2026-03-31,43009946.0,-20.79,268518311.60470057,-5.89,57.9,0.82,0,1,25,Strong Distribution
FIX,FIX,2026-03-31,37118632.0,0.41,14934169.986020045,-5.93,44.0,0.89,0,1,40,Distribution
FOX,FOX,2026-03-31,-20588933.0,25.83,-36206778.15830993,-5.65,51.2,0.89,0,2,55,Accumulation
FOXA,FOXA,2026-03-31,169611306.0,10.03,-37375145.35391987,-15.1,54.3,0.92,0,1,50,Neutral
FRT,FRT,2026-03-31,15062109.0,-13.96,8848360.31656062,-16.73,43.3,0.97,0,1,20,Strong Distribution
FSLR,FSLR,2026-03-31,106884507.0,-8.08,14951089.321119288,-19.0,33.2,1.0,0,0,25,Strong Distribution
FTNT,FTNT,2026-03-31,608979283.0,-3.13,837022738.8311236,-0.93,45.0,1.09,0,1,50,Neutral
FTV,FTV,2026-03-31,-14066171.0,-298.73,42744489.22426109,3.51,45.3,0.54,0,0,30,Distribution
GD,GD,2026-03-31,110271486.0,-0.05,29919446.775691874,5.15,53.4,0.98,0,1,60,Accumulation
GDDY,GDDY,2026-03-31,157061742.0,4.78,80227152.78360206,7.42,38.8,0.69,0,1,55,Accumulation
GE,GE,2026-03-31,777836658.0,-5.58,12418892.42112029,-45.06,29.4,1.01,0,1,20,Strong Distribution
GEHC,GEHC,2026-03-31,14633712.0,-58.1,84935724.65479332,-11.0,40.8,0.99,0,0,20,Strong Distribution
GEN,GEN,2026-03-31,149577812.0,-2.86,165964459.55340424,-4.16,50.8,0.93,0,1,50,Neutral
GEV,GEV,2026-03-31,100011751.0,1.06,103565860.95895131,-4.37,66.1,1.07,0,1,50,Neutral
GFS,GFS,2025-12-19,26539878.0,215.37,-18475209.818317737,46.43,72.5,2.51,1,1,95,Strong Accumulation
GILD,GILD,2026-03-31,583843537.0,-4.22,479262633.88289976,-4.27,28.3,0.89,0,1,45,Neutral
GIS,GIS,2026-03-31,-124360176.0,-127.39,-72680139.77402277,-125.84,22.0,0.89,0,1,15,Strong Distribution
GL,GL,2026-03-31,69780870.0,-3.38,-14350851.904969761,-11.93,42.7,0.87,0,1,35,Distribution
GLW,GLW,2026-03-31,621131650.0,-5.44,335577472.85766256,-11.42,46.7,0.86,0,0,25,Strong Distribution
GM,GM,2026-03-31,953305664.0,-5.95,-81766073.47510481,-27.77,37.3,0.88,0,1,25,Strong Distribution
GNRC,GNRC,2026-03-31,12580070.0,-44.0,9900898.900150394,-8.59,37.2,1.47,1,1,30,Distribution
GOOG,GOOG,2026-03-31,2781830355.0,-4.76,1299957556.9818747,-4.04,27.5,1.26,0,1,50,Neutral
GOOGL,GOOGL,2026-03-31,3589194728.0,-5.1,1880992737.1738744,-3.16,27.9,1.21,0,0,40,Distribution
GPC,GPC,2026-03-31,26038652.0,-39.76,27920540.369380377,-24.48,28.3,0.94,0,3,15,Strong Distribution
GPN,GPN,2026-03-31,-68669458.0,-25.44,-131551051.09631935,-0.31,30.4,0.74,0,0,35,Distribution
GRMN,GRMN,2026-03-31,83997417.0,-1.39,80058217.88197914,-0.63,51.7,0.74,0,0,50,Neutral
GS,GS,2026-03-31,118285112.0,-3.26,83757670.69257174,-7.36,53.6,0.78,0,0,40,Distribution
GWW,GWW,2026-03-31,16145252.0,-8.58,13300885.119404541,-6.91,46.0,0.72,0,1,30,Distribution
HAL,HAL,2026-03-31,436453487.0,-0.94,-103902477.35817708,-2.28,74.7,0.76,0,1,55,Accumulation
HAS,HAS,2026-03-31,87924831.0,-5.69,48796567.65796542,-10.68,44.8,0.96,0,1,25,Strong Distribution
HBAN,HBAN,2026-03-31,-205696200.0,-96.31,836066761.9547745,-9.76,31.6,0.81,0,1,25,Strong Distribution
HCA,HCA,2026-03-31,129204953.0,-6.37,25872111.353435073,-14.68,22.0,0.62,0,1,15,Strong Distribution
HD,HD,2026-03-31,84093756.0,-17.09,204565921.65942195,-9.94,41.4,0.85,0,1,25,Strong Distribution
HIG,HIG,2026-03-31,114507307.0,-3.56,39651995.26687424,-9.86,50.6,0.62,0,0,35,Distribution
HII,HII,2026-03-31,27490314.0,-9.45,-1542761.8408623787,-46.71,21.6,0.7,0,1,15,Strong Distribution
HLT,HLT,2026-03-31,77741921.0,-6.17,81945212.64545293,2.53,48.8,0.66,0,0,35,Distribution
HOLX,HOLX,2026-03-31,115049767.0,-0.95,-14591882.897634663,11.41,30.9,0.68,0,3,60,Accumulation
HON,HON,2026-03-31,161096544.0,-10.06,41844582.86853593,-33.81,34.4,0.96,0,1,20,Strong Distribution
HOOD,HOOD,2026-03-31,1528337571.0,-8.92,961052661.328409,-6.76,36.7,1.05,0,0,30,Distribution
HPE,HPE,2026-03-31,1516379954.0,5.13,543698753.8486711,-5.11,57.9,1.34,1,1,55,Accumulation
HPQ,HPQ,2026-03-31,571486107.0,-4.27,-191996311.63801396,1.08,45.3,1.12,0,1,50,Neutral
HRL,HRL,2026-03-31,-24566077.0,-115.9,-15801236.89957172,-183.91,54.6,0.85,0,1,20,Strong Distribution
HSIC,HSIC,2026-03-31,17148337.0,-33.33,-11234623.694895765,-9.36,38.4,0.8,0,0,25,Strong Distribution
HST,HST,2026-03-31,109408564.0,-15.23,-35038402.15740284,-143.79,65.3,0.9,0,0,20,Strong Distribution
HSY,HSY,2026-03-31,55500090.0,-21.97,-7435157.24519942,-44.53,27.8,0.93,0,1,15,Strong Distribution
HUBB,HUBB,2026-03-31,11746268.0,-17.46,14886104.121675385,-10.25,42.4,0.92,0,1,20,Strong Distribution
HUM,HUM,2026-03-31,-7956570.0,3.07,-11293769.513125906,-9.47,46.6,0.79,0,1,40,Distribution
HWM,HWM,2026-03-31,408711803.0,-4.07,264357954.1985558,-1.08,31.2,0.74,0,1,50,Neutral
IBKR,IBKR,2026-03-31,317552220.0,-7.71,364879838.60704356,-1.42,43.6,0.89,0,1,40,Distribution
IBM,IBM,2026-03-31,218040768.0,-4.02,309417197.7041806,-2.05,40.0,0.67,0,0,45,Neutral
ICE,ICE,2026-03-31,83056740.0,-13.87,136195102.95221922,2.03,70.6,0.79,0,0,40,Distribution
IDXX,IDXX,2026-03-31,23634619.0,-11.42,37895093.8218696,-3.76,35.6,0.95,0,0,35,Distribution
IEX,IEX,2026-03-31,-408724.0,-109.5,-7633132.176690609,-99.65,35.2,0.78,0,2,20,Strong Distribution
IFF,IFF,2026-03-31,-48254214.0,-10.73,18307870.324653167,-22.47,56.2,0.87,0,0,20,Strong Distribution
INCY,INCY,2026-03-31,136034218.0,-0.96,146122386.19650468,-4.55,38.4,0.82,0,1,50,Neutral
INSM,INSM,2026-03-31,185230259.0,-1.04,147641721.2906235,-4.67,66.4,1.32,1,3,55,Accumulation
INTC,INTC,2026-03-31,1240563643.0,-2.37,-2129495760.0952413,-21.83,31.0,0.99,0,1,35,Distribution
INTU,INTU,2026-03-31,42808572.0,51.21,75405511.30596519,4.38,49.9,0.7,0,0,65,Accumulation
INVH,INVH,2026-03-31,-225871316.0,-19.29,90030108.31232806,-26.39,46.6,0.87,0,1,20,Strong Distribution
IP,IP,2026-03-31,8870229.0,-80.79,255197823.4212565,-10.91,49.2,0.92,0,1,20,Strong Distribution
IQV,IQV,2026-03-31,-23443817.0,-1.84,65081454.3653704,-7.89,43.8,0.82,0,0,40,Distribution
IR,IR,2026-03-31,-51768496.0,-4.97,-12791.020475239784,98.96,25.9,0.69,0,1,55,Accumulation
IRM,IRM,2026-03-31,290587644.0,-3.32,160340535.8150872,-2.77,27.3,0.89,0,1,45,Neutral
ISRG,ISRG,2026-03-31,144671267.0,-6.76,142842927.4839212,-1.41,29.1,1.12,0,0,35,Distribution
IT,IT,2026-03-31,38286483.0,13.43,28139955.53398779,18.1,50.7,0.85,0,1,80,Strong Accumulation
ITW,ITW,2026-03-31,33435547.0,-18.13,52592337.904914685,-7.69,31.0,0.91,0,1,25,Strong Distribution
IVZ,IVZ,2026-03-31,415607291.0,-4.92,230623578.86568987,-0.35,47.4,0.68,0,2,45,Neutral
J,J,2026-03-31,45832340.0,8.09,46942968.36198126,-4.32,61.1,0.69,0,1,55,Accumulation
JBHT,JBHT,2026-03-31,-5872279.0,-166.09,8514552.248826483,-23.41,56.1,0.75,0,1,20,Strong Distribution
JBL,JBL,2026-03-31,130907569.0,0.16,27279351.611031666,15.68,51.7,0.78,0,0,65,Accumulation
JCI,JCI,2026-03-31,646872241.0,-3.12,248065035.9489154,-2.38,36.2,0.78,0,1,50,Neutral
JKHY,JKHY,2026-03-31,20672002.0,-14.37,18524947.971226946,-2.84,30.8,0.9,0,1,35,Distribution
JNJ,JNJ,2026-03-31,-51370322.0,-16.49,425281846.6464219,-2.74,49.6,0.79,0,1,35,Distribution
JPM,JPM,2026-03-31,238055763.0,-3.54,256650691.5088156,-7.05,69.4,0.78,0,1,40,Distribution
KDP,KDP,2026-03-31,-33670762.0,-359.53,201669726.31371012,-16.24,42.8,1.02,0,0,20,Strong Distribution
KEY,KEY,2026-03-31,40939710.0,-7.27,428268066.74306625,0.69,43.9,0.8,0,0,40,Distribution
KEYS,KEYS,2026-03-31,57265925.0,-12.46,52591991.74027878,-12.32,22.9,0.73,0,1,15,Strong Distribution
KHC,KHC,2026-03-31,241482722.0,23.41,369525603.5197569,-6.9,51.9,0.94,0,0,55,Accumulation
KIM,KIM,2026-03-31,25151013.0,-34.42,70100608.30869211,-14.44,36.6,0.76,0,1,20,Strong Distribution
KKR,KKR,2026-03-31,105257869.0,-12.06,264485033.96830195,4.08,47.8,0.89,0,0,35,Distribution
KLAC,KLAC,2026-03-31,88287839.0,-1.35,77127516.53728656,-4.21,60.7,0.9,0,1,50,Neutral
KMB,KMB,2026-03-31,-88227025.0,-20.19,-75629890.85602607,-18.57,58.4,0.88,0,1,20,Strong Distribution
KMI,KMI,2026-03-31,392693330.0,-0.03,435680291.8791856,-8.4,60.9,0.94,0,1,40,Distribution
KO,KO,2026-03-31,1033960048.0,-1.5,466353202.5641527,-4.7,44.7,0.95,0,1,50,Neutral
KR,KR,2026-03-31,524369751.0,0.17,-12636670.059555274,45.52,40.3,0.6,0,2,60,Accumulation
KVUE,KVUE,2026-03-31,281028787.0,12.96,-919471253.2897605,-3.88,47.5,0.78,0,0,65,Accumulation
L,L,2026-03-31,48094952.0,-7.53,6705997.410327739,-27.12,54.0,0.96,1,2,25,Strong Distribution
LDOS,LDOS,2026-03-31,46393041.0,-14.36,49501308.94930929,-3.42,16.9,0.56,0,1,25,Strong Distribution
LEN,LEN,2026-03-31,34393945.0,-38.48,22447868.183404345,-45.45,29.9,1.03,0,2,15,Strong Distribution
LH,LH,2026-03-31,68026270.0,-2.47,50223773.69537812,-4.57,38.6,1.02,0,0,50,Neutral
LHX,LHX,2026-03-31,3078780.0,-28.14,2702792.063200984,-53.2,28.0,0.78,0,0,15,Strong Distribution
LII,LII,2026-03-31,17339102.0,-14.91,9968941.041477798,-12.59,38.2,1.29,1,1,25,Strong Distribution
LIN,LIN,2026-03-31,62544388.0,-16.37,124929836.76412271,-1.02,68.9,0.89,0,1,35,Distribution
LITE,LITE,2026-03-31,260569821.0,5.05,-20089640.035124533,-348.39,45.4,0.77,0,1,45,Neutral
LKQ,LKQ,2025-12-19,45446234.0,1194.15,-9696590.342308607,-213.94,20.2,2.47,1,1,55,Accumulation
LLY,LLY,2026-03-31,364269884.0,-1.79,172987504.0720234,-5.11,33.7,0.89,0,1,40,Distribution
LMT,LMT,2026-03-31,83123794.0,-15.14,-11475843.96709669,-27.42,19.0,0.68,0,1,10,Strong Distribution
LNT,LNT,2026-03-31,141175897.0,1.57,100016626.46816202,-3.51,51.9,0.78,0,0,50,Neutral
LOW,LOW,2026-03-31,376977198.0,-3.72,28046124.772090346,-18.56,41.0,0.8,0,0,35,Distribution
LRCX,LRCX,2026-03-31,862144666.0,-2.18,517582987.11616874,-2.29,64.2,0.98,0,1,50,Neutral
LULU,LULU,2026-03-31,22031448.0,-53.6,-99699619.7791735,-15.62,48.5,0.94,0,1,20,Strong Distribution
LUV,LUV,2026-03-31,369697263.0,-9.25,-92484042.69140987,-49.01,38.2,0.66,0,0,20,Strong Distribution
LVS,LVS,2026-03-31,46092650.0,-31.84,-156153052.83036727,-9.4,38.5,0.89,0,1,25,Strong Distribution
LW,LW,2026-03-24,1976672.0,-94.89,-50453870.710407,-47.46,15.7,2.21,1,4,25,Strong Distribution
LYB,LYB,2026-03-31,-65285834.0,42.15,-71822095.9468691,-1.12,61.8,0.61,0,3,60,Accumulation
LYV,LYV,2026-03-31,96492622.0,2.88,130827095.64857154,-7.21,32.5,0.76,0,0,40,Distribution
MA,MA,2026-03-31,74428802.0,5.03,158127300.80602175,0.03,63.1,0.95,0,0,60,Accumulation
MAA,MAA,2026-03-31,-6065880.0,-44.3,24653936.30789824,-11.67,36.7,0.71,0,1,20,Strong Distribution
MAR,MAR,2026-03-31,-1530255.0,-132.34,76559975.15643246,-1.96,51.1,1.1,0,1,35,Distribution
MAS,MAS,2026-03-31,-3383354.0,-124.29,9474284.329079894,-46.59,31.2,0.78,0,1,20,Strong Distribution
MCD,MCD,2026-03-31,98700895.0,-11.96,183573716.287254,-5.4,46.1,0.88,0,1,25,Strong Distribution
MCHP,MCHP,2026-03-31,-56523824.0,-287.33,31608311.38005063,-59.53,34.7,1.02,0,0,20,Strong Distribution
MCK,MCK,2026-03-31,56496453.0,-9.77,110198129.32108302,-1.87,22.2,0.8,0,1,35,Distribution
MCO,MCO,2026-03-31,51162655.0,-8.25,43093855.67592058,-3.98,44.8,0.77,0,0,40,Distribution
MDLZ,MDLZ,2026-03-31,254820333.0,-6.06,198030283.61133778,-1.17,53.4,0.96,0,1,40,Distribution
MDT,MDT,2026-03-31,158525953.0,-23.15,164608924.2798336,-12.43,41.1,1.01,0,0,20,Strong Distribution
MELI,MELI,2026-03-31,36708784.0,-2.91,19857328.776213486,2.42,42.7,0.91,0,1,50,Neutral
MET,MET,2026-03-31,203041803.0,-8.64,-42125416.99330067,0.98,55.0,0.81,0,0,40,Distribution
META,META,2026-03-31,783574417.0,-13.87,82286602.17772304,-39.87,35.8,1.62,2,2,30,Distribution
MGM,MGM,2026-03-31,-68669963.0,22.41,-276625331.6199133,-1.35,52.7,0.79,0,1,65,Accumulation
MHK,MHK,2025-12-19,-41015770.0,-72.95,1410856.1140015202,-55.96,13.2,2.23,1,1,25,Strong Distribution
MKC,MKC,2026-03-31,19681561.0,-59.17,42076079.789137796,-25.55,27.1,1.31,1,3,20,Strong Distribution
MLM,MLM,2026-03-31,19370262.0,-18.23,18793815.968584236,-10.4,40.7,0.69,0,0,15,Strong Distribution
MMC,MMC,2026-01-13,166429359.0,-9.85,99750194.23014346,-6.5,59.1,0.9,0,1,30,Distribution
MMM,MMM,2026-03-31,-54108808.0,-81.51,86214868.9063268,-4.42,28.0,0.62,0,0,25,Strong Distribution
MNST,MNST,2026-03-31,406184408.0,-8.62,197220840.60739282,-11.01,42.2,0.86,0,0,25,Strong Distribution
MO,MO,2026-03-31,619591852.0,-9.31,169795457.40480095,-10.75,34.1,0.76,0,1,25,Strong Distribution
MOH,MOH,2026-03-24,-13546806.0,-453.54,1247100.3662755794,-79.46,18.1,2.02,1,1,25,Strong Distribution
MOS,MOS,2026-03-31,152402111.0,21.66,123396788.08345473,-18.47,44.5,0.75,0,4,50,Neutral
MPC,MPC,2026-03-31,329316993.0,1.16,58833925.6489544,-11.31,54.0,0.71,0,1,35,Distribution
MPWR,MPWR,2026-03-31,32805547.0,-5.64,28311979.631937854,-4.76,37.2,1.01,0,1,40,Distribution
MRK,MRK,2026-03-31,396262498.0,-13.83,128133476.90440676,3.62,48.1,0.87,0,1,35,Distribution
MRNA,MRNA,2026-03-31,619865958.0,-4.49,508478319.47279704,-1.74,28.8,0.67,0,1,40,Distribution
MRSH,MRSH,2026-03-31,12882628.0,-31.65,4590384.997991713,4.34,62.5,1.08,0,1,35,Distribution
MRVL,MRVL,2026-03-31,418959016.0,19.64,190029716.23058227,-9.11,71.6,1.09,0,0,60,Accumulation
MS,MS,2026-03-31,409801331.0,-1.79,287691784.0835558,-1.71,57.9,0.76,0,1,50,Neutral
MSCI,MSCI,2026-03-31,13160339.0,-17.32,18072453.77432972,-3.15,45.8,0.65,0,1,30,Distribution
MSFT,MSFT,2026-03-31,914738092.0,-16.26,1865429463.3694706,-9.89,35.7,1.16,0,0,25,Strong Distribution
MSI,MSI,2026-03-31,65440575.0,-9.95,27848736.400038943,-13.81,40.7,0.88,0,1,25,Strong Distribution
MSTR,MSTR,2026-03-31,368279427.0,-10.29,24570859.250784136,-57.17,42.6,0.92,0,0,20,Strong Distribution
MTB,MTB,2026-03-31,32116702.0,1.64,21489639.724375237,2.17,67.4,0.72,0,1,50,Neutral
MTCH,MTCH,2026-03-24,-346488228.0,-27.71,-144616101.71860772,-80.0,82.6,2.44,1,1,35,Distribution
MTD,MTD,2026-03-31,8041765.0,3.31,4011203.890453232,-7.86,52.8,0.7,0,1,35,Distribution
MU,MU,2026-03-31,1381633372.0,-11.09,629600721.663527,-7.04,23.6,1.31,0,1,25,Strong Distribution
NCLH,NCLH,2026-03-31,225885116.0,-35.08,82464300.85650317,-47.13,38.9,0.96,0,0,20,Strong Distribution
NDAQ,NDAQ,2026-03-31,261636825.0,5.61,157453988.1074279,-0.71,65.5,0.79,0,0,60,Accumulation
NDSN,NDSN,2026-03-31,19592532.0,-9.12,15514316.961299554,-6.35,34.5,1.01,0,1,30,Distribution
NEE,NEE,2026-03-31,358828643.0,8.81,207328610.0451147,-12.98,60.6,0.87,0,1,45,Neutral
NEM,NEM,2026-03-31,301015477.0,-5.6,507144911.6790765,1.08,37.5,0.82,0,2,40,Distribution
NFLX,NFLX,2026-03-31,1391750849.0,1.17,3193398099.99407,-0.89,48.6,1.06,0,0,50,Neutral
NI,NI,2026-03-31,523252209.0,-0.09,271661188.0623892,-3.44,56.0,0.86,0,0,50,Neutral
NKE,NKE,2026-03-31,-506794453.0,-25.25,-372729736.51465654,-25.19,34.4,0.96,0,0,20,Strong Distribution
NOC,NOC,2026-03-31,53516109.0,-7.79,16689903.83165961,-11.21,21.3,0.63,0,1,15,Strong Distribution
NOW,NOW,2026-03-31,16225537.0,-41.33,50584149.70705871,-34.58,35.7,0.93,0,0,20,Strong Distribution
NRG,NRG,2026-03-31,323009316.0,-3.49,122246006.77176033,-8.71,63.7,0.73,0,1,40,Distribution
NSC,NSC,2026-03-31,43658577.0,-8.36,-26457563.217055183,-14.78,45.2,0.98,0,0,25,Strong Distribution
NTAP,NTAP,2026-03-31,107435116.0,-7.57,111587237.04927364,-4.34,50.3,0.85,0,1,40,Distribution
NTRS,NTRS,2026-03-31,33452314.0,-16.05,55085842.87447042,-0.99,61.7,0.71,0,1,35,Distribution
NUE,NUE,2026-03-31,91160115.0,-3.72,-21810518.8044473,-26.67,61.1,0.83,0,1,35,Distribution
NVDA,NVDA,2026-03-31,53118277072.0,-0.73,44418483400.54453,-1.8,30.8,1.06,0,0,50,Neutral
NVR,NVR,2026-03-31,218869.0,-28.14,-271661.4951681345,-17.08,42.8,0.79,0,1,20,Strong Distribution
NWS,NWS,2026-03-31,68176985.0,24.1,7767211.766312681,226.74,73.4,1.25,0,2,90,Strong Accumulation
NWSA,NWSA,2026-03-31,134523568.0,22.3,-27066644.20110213,32.58,66.2,1.26,0,0,85,Strong Accumulation
NXPI,NXPI,2026-03-31,131308222.0,-12.59,37582935.29987488,-28.45,33.9,1.02,0,0,20,Strong Distribution
O,O,2026-03-31,-14660998.0,-191.18,-137553438.27859932,-20.01,35.2,0.8,0,0,20,Strong Distribution
ODFL,ODFL,2026-03-31,114825947.0,7.54,24663067.71454615,1.32,60.2,0.91,0,0,60,Accumulation
OKE,OKE,2026-03-31,250367795.0,17.76,146003102.55494553,-9.66,70.9,0.94,0,1,60,Accumulation
OMC,OMC,2026-03-31,44336809.0,-40.21,-5506120.601711002,-179.22,41.6,0.93,0,1,20,Strong Distribution
ON,ON,2026-03-31,141392616.0,-13.91,57768331.82130695,-31.82,46.0,1.06,0,1,20,Strong Distribution
ORCL,ORCL,2026-03-31,878559271.0,-7.07,-178259175.55781505,-136.84,18.9,0.67,0,1,15,Strong Distribution
ORLY,ORLY,2026-03-31,862605619.0,-0.51,103518478.1600434,-8.14,37.3,1.01,0,0,40,Distribution
OTIS,OTIS,2026-03-31,132116981.0,-18.6,80121726.05058137,-14.26,28.3,0.87,0,2,15,Strong Distribution
OXY,OXY,2026-03-31,771962462.0,21.36,-143213576.79158553,30.63,70.4,1.02,0,2,85,Strong Accumulation
PANW,PANW,2026-03-31,875190606.0,3.64,557728818.6058944,-1.94,48.7,1.14,0,0,50,Neutral
PAYC,PAYC,2026-03-24,26887528.0,73.12,24188355.38930843,44.6,19.3,1.51,1,3,85,Strong Accumulation
PAYX,PAYX,2026-03-31,5007395.0,136.55,97651129.59323303,-1.86,77.1,1.15,0,1,70,Strong Accumulation
PCAR,PCAR,2026-03-31,107966510.0,-20.33,140217735.29793456,-5.61,29.3,0.85,0,1,20,Strong Distribution
PCG,PCG,2026-03-31,1033456462.0,-6.75,1003305481.4387534,-8.94,39.6,0.68,0,2,25,Strong Distribution
PDD,PDD,2026-03-31,544555502.0,1.44,-171378443.34231046,-27.9,43.7,1.54,1,2,45,Neutral
PEG,PEG,2026-03-31,271660197.0,0.7,156225339.27177525,-4.83,55.2,0.81,0,1,50,Neutral
PEP,PEP,2026-03-31,312276167.0,-3.77,286763973.58222425,-7.33,51.7,1.06,0,1,40,Distribution
PFE,PFE,2026-03-31,-235171909.0,30.0,-654270125.1976151,3.91,49.5,0.83,0,0,65,Accumulation
PFG,PFG,2026-03-31,-17197071.0,-58.08,65934721.72017872,-13.65,39.2,0.7,0,1,20,Strong Distribution
PG,PG,2026-03-31,492496453.0,-15.51,103434451.988574,-45.72,14.0,0.77,0,1,15,Strong Distribution
PGR,PGR,2026-03-31,137070365.0,-2.23,219306948.66445366,-2.32,57.2,0.71,0,1,50,Neutral
PH,PH,2026-03-31,36818483.0,-14.99,28117870.24422598,-10.31,25.9,0.91,0,1,15,Strong Distribution
PHM,PHM,2026-03-31,202237427.0,-6.95,87934590.43991752,-3.6,28.4,0.86,0,1,35,Distribution
PKG,PKG,2026-03-31,14031745.0,-37.65,28983020.95943392,-11.92,27.7,0.52,0,1,10,Strong Distribution
PLD,PLD,2026-03-31,171523340.0,-13.78,78717535.14176124,-3.48,50.2,0.84,0,0,35,Distribution
PLTR,PLTR,2026-03-31,4583394455.0,-1.54,4221902987.5164905,-1.76,46.2,0.89,0,0,50,Neutral
PM,PM,2026-03-31,673493228.0,0.47,524568638.87460077,-0.72,56.5,0.5,0,1,45,Neutral
PNC,PNC,2026-03-31,33555386.0,-39.61,90022359.28548646,-4.31,50.9,0.61,0,1,30,Distribution
PNR,PNR,2026-03-31,110068961.0,-10.2,69500584.26583502,-5.86,25.8,1.02,0,0,20,Strong Distribution
PNW,PNW,2026-03-31,55658292.0,1.57,32522611.637302063,-9.1,48.0,0.85,0,1,40,Distribution
PODD,PODD,2026-03-31,31269939.0,-13.55,16098873.1452148,-9.49,33.9,0.97,0,1,25,Strong Distribution
POOL,POOL,2026-03-31,-1354310.0,-204.58,10279738.77567381,0.6,45.4,0.98,0,1,35,Distribution
PPG,PPG,2026-03-31,41400469.0,-8.53,-55318932.396507315,-4.12,58.6,0.74,0,0,40,Distribution
PPL,PPL,2026-03-31,344109836.0,1.9,218464818.90806517,-7.99,56.0,0.7,0,0,40,Distribution
PRU,PRU,2026-03-31,-1071576.0,88.37,15854039.563295132,-7.04,69.4,0.68,0,1,50,Neutral
PSA,PSA,2026-03-31,13421473.0,-48.68,41233970.01659842,-8.59,35.8,0.81,0,2,25,Strong Distribution
PSKY,PSKY,2026-03-31,-1088305508.0,-7.61,-1030922250.0837328,-6.74,36.2,0.78,0,0,30,Distribution
PSX,PSX,2026-03-31,99706336.0,5.66,-52438533.79679008,1.64,56.8,0.88,0,1,60,Accumulation
PTC,PTC,2026-03-31,5898138.0,-56.74,69691202.30666341,-6.19,20.0,1.05,0,1,20,Strong Distribution
PWR,PWR,2026-03-31,102143046.0,-1.32,60499576.63703082,-6.05,51.7,0.98,0,0,40,Distribution
PYPL,PYPL,2026-03-31,-709354252.0,1.46,-434385458.4592378,-4.08,48.7,0.88,0,0,50,Neutral
Q,Q,2026-03-31,36970760.0,-5.11,-6529744.682883046,-15.96,36.7,0.68,0,1,20,Strong Distribution
QCOM,QCOM,2026-03-31,230983698.0,-33.61,262964973.36128685,-30.84,12.3,0.74,0,1,15,Strong Distribution
RCL,RCL,2026-03-31,230364336.0,-5.49,166110372.6268544,-1.93,38.8,0.73,0,0,40,Distribution
REG,REG,2026-03-31,-7341573.0,-220.5,47035116.09021128,-10.23,21.5,0.71,0,1,15,Strong Distribution
REGN,REGN,2026-03-31,38473538.0,-4.24,15346950.161381979,-11.13,44.9,0.92,0,1,35,Distribution
RF,RF,2026-03-31,106778696.0,-22.95,299878293.99746287,-0.97,55.3,0.89,0,1,35,Distribution
RJF,RJF,2026-03-31,93582038.0,-0.96,96348137.3571063,-1.41,44.8,0.89,0,1,50,Neutral
RL,RL,2026-03-31,24059879.0,-13.62,21472654.24805892,-8.8,44.2,1.0,0,0,25,Strong Distribution
RMD,RMD,2026-03-31,58777502.0,-14.87,38769868.79156921,-7.35,19.5,0.99,0,0,20,Strong Distribution
ROK,ROK,2026-03-31,29897392.0,-19.4,48839676.963395454,-3.82,45.3,0.72,0,0,35,Distribution
ROL,ROL,2026-03-31,123244207.0,-13.23,136258424.03435823,-3.88,35.1,0.82,0,1,35,Distribution
ROP,ROP,2026-03-31,49590264.0,10.96,27964735.40240542,-2.5,55.7,0.86,0,1,65,Accumulation
ROST,ROST,2026-03-31,57219785.0,0.4,7689265.048157041,35.26,61.8,1.06,0,1,65,Accumulation
RSG,RSG,2026-03-31,133800678.0,-3.61,77312252.12054059,-4.77,28.0,1.0,0,1,45,Neutral
RTX,RTX,2026-03-31,219173588.0,-13.61,209960134.0033493,-3.64,27.3,0.71,0,0,30,Distribution
RVTY,RVTY,2026-03-31,18204309.0,9.1,32266424.447305027,-10.17,56.6,0.7,0,0,40,Distribution
SATS,SATS,2026-03-31,277772318.0,22.58,19593697.78497034,245.69,74.3,0.97,0,1,85,Strong Accumulation
SBAC,SBAC,2026-03-31,17811912.0,-24.39,18369847.28912055,-14.84,39.1,1.01,0,0,20,Strong Distribution
SBUX,SBUX,2026-03-31,-199739910.0,-11.67,365557170.5052037,-3.34,17.8,0.99,0,0,30,Distribution
SCHW,SCHW,2026-03-31,-251963537.0,1.5,388905495.0491321,4.33,63.4,0.75,0,0,50,Neutral
SHOP,SHOP,2026-03-31,862367223.0,-3.08,877656560.812006,-2.78,34.0,0.95,0,0,50,Neutral
SHW,SHW,2026-03-31,34100736.0,-18.77,17613043.051512487,-23.62,51.9,0.91,0,0,20,Strong Distribution
SJM,SJM,2026-03-31,-12846676.0,-287.61,6071380.674982724,-66.2,11.5,0.93,0,0,15,Strong Distribution
SLB,SLB,2026-03-31,-186663738.0,22.59,29270225.93765162,128.36,75.2,0.9,0,1,85,Strong Accumulation
SMCI,SMCI,2026-03-31,1459474943.0,-13.83,244939621.35114187,-29.04,28.6,0.97,0,2,15,Strong Distribution
SNA,SNA,2026-03-31,4579224.0,-41.02,6525978.574631974,-7.82,29.4,0.69,0,1,15,Strong Distribution
SNDK,SNDK,2026-03-31,296314548.0,-1.27,191444251.8749778,3.69,40.6,1.08,0,0,50,Neutral
SNPS,SNPS,2026-03-31,29005733.0,-18.34,52260371.73797475,-17.92,24.5,1.06,0,1,15,Strong Distribution
SO,SO,2026-03-31,215626996.0,0.95,318752418.700573,-0.79,57.4,0.83,0,0,50,Neutral
SOLS,SOLS,2025-12-31,-6835701.0,81.73,-17376624.43692984,55.24,80.9,0.29,0,1,80,Strong Accumulation
SOLV,SOLV,2026-03-31,-56331563.0,-4.8,-9811154.939362945,-51.12,48.4,0.88,0,1,35,Distribution
SPG,SPG,2026-03-31,160430206.0,-5.61,-18986377.103535503,-58.3,43.5,0.85,0,1,25,Strong Distribution
SPGI,SPGI,2026-03-31,65409429.0,-0.14,73338485.02959944,3.74,65.0,0.96,0,0,50,Neutral
SRE,SRE,2026-03-31,69285933.0,16.71,65709074.128428645,3.02,74.7,0.91,0,0,70,Strong Accumulation
STE,STE,2026-03-31,19393191.0,-4.48,39432227.2830743,-3.4,63.4,0.58,0,1,45,Neutral
STLD,STLD,2026-03-31,105711689.0,-2.79,44084595.20598799,-7.14,47.0,0.91,0,1,40,Distribution
STT,STT,2026-03-31,153401447.0,-1.97,53733212.15923215,7.26,52.3,0.66,0,0,55,Accumulation
STX,STX,2026-03-31,260226260.0,-3.56,154332971.1099721,-3.21,41.0,0.99,0,1,50,Neutral
STZ,STZ,2026-03-31,-11880343.0,-69.11,-4683220.675694941,-287.93,29.6,1.04,0,0,15,Strong Distribution
SW,SW,2026-03-31,2314039.0,-93.83,146476285.2236997,-12.01,41.0,0.95,0,1,20,Strong Distribution
SWK,SWK,2026-03-31,-138187096.0,-10.87,-22936310.730675902,-17.82,41.9,0.71,0,0,20,Strong Distribution
SWKS,SWKS,2026-03-31,-56789643.0,9.46,8201787.05526976,-55.17,48.0,0.91,0,1,45,Neutral
SYF,SYF,2026-03-31,160068474.0,2.42,235708989.22389868,0.02,78.6,0.78,0,1,55,Accumulation
SYK,SYK,2026-03-31,25245349.0,-49.49,98762460.75526625,-9.4,34.9,0.85,0,2,25,Strong Distribution
SYY,SYY,2026-03-31,332389.0,-98.93,-34369376.97396109,-60.78,24.4,2.03,2,2,25,Strong Distribution
T,T,2026-03-31,1584927081.0,15.26,-200931448.5851363,31.45,72.2,0.68,0,1,80,Strong Accumulation
TAP,TAP,2026-03-31,36719535.0,-27.89,-27564300.001037743,-45.76,34.0,0.86,0,1,20,Strong Distribution
TDG,TDG,2026-03-31,19392654.0,-16.66,6879116.17271959,-19.62,20.4,1.06,0,2,15,Strong Distribution
TDY,TDY,2026-03-31,15760310.0,-13.3,4650705.731787568,-24.82,36.9,0.93,0,1,20,Strong Distribution
TEAM,TEAM,2026-03-31,-69645208.0,-3.41,13529020.614508504,-43.91,30.3,0.84,0,0,35,Distribution
TECH,TECH,2026-03-31,42740853.0,-16.02,80443279.22068322,-4.44,56.2,0.77,0,0,35,Distribution
TEL,TEL,2026-03-31,78440703.0,0.97,25084408.381911386,-18.61,41.0,1.1,0,0,35,Distribution
TER,TER,2026-03-31,72010778.0,2.26,148926522.8826822,-3.72,43.9,0.87,0,0,50,Neutral
TFC,TFC,2026-03-31,15614123.0,-59.18,314322599.5009945,-3.99,50.7,0.93,0,2,35,Distribution
TGT,TGT,2026-03-31,-283657626.0,-3.26,-53880515.769303106,-9.47,47.2,0.68,0,1,35,Distribution
TJX,TJX,2026-03-31,418318667.0,-2.06,75625806.98170383,-1.77,56.2,0.75,0,0,50,Neutral
TKO,TKO,2026-03-31,37337750.0,-15.51,26592170.06630843,-6.29,42.8,0.96,0,2,25,Strong Distribution
TMO,TMO,2026-03-31,17806430.0,33.35,30710350.559108227,-10.69,60.1,0.73,0,0,50,Neutral
TMUS,TMUS,2026-03-31,353793899.0,2.39,279828999.0130544,1.82,54.2,1.0,0,1,50,Neutral
TPL,TPL,2026-03-31,7967337.0,-13.05,5934256.665762787,-27.24,26.1,0.87,0,1,15,Strong Distribution
TPR,TPR,2026-03-31,471161458.0,-3.25,131601443.53611891,-6.57,32.6,0.8,0,1,40,Distribution
TRGP,TRGP,2026-03-31,306329299.0,-0.03,211938465.37793764,-1.66,77.1,0.91,0,1,55,Accumulation
TRI,TRI,2026-03-31,-28499354.0,-39.69,-10789504.197139947,15.48,18.6,0.76,0,0,45,Neutral
TRMB,TRMB,2026-03-31,173600871.0,-2.75,135537982.5660165,-2.69,37.4,0.96,0,1,50,Neutral
TROW,TROW,2026-03-31,15903552.0,-17.15,1976914.1039141035,-75.6,48.6,1.05,0,1,20,Strong Distribution
TRV,TRV,2026-03-31,150246102.0,-4.4,49691246.929581285,-8.68,46.8,0.71,0,1,40,Distribution
TSCO,TSCO,2026-03-31,406837764.0,-10.68,332850670.9860679,-5.86,35.0,1.02,0,0,25,Strong Distribution
TSLA,TSLA,2026-03-31,17822716668.0,-1.0,10015679414.427984,-2.77,39.1,1.01,0,0,50,Neutral
TSN,TSN,2026-03-31,-25394967.0,-21.52,15376244.981313484,24.0,70.3,0.69,0,1,50,Neutral
TT,TT,2026-03-31,167433021.0,-3.3,93372685.32542022,-2.17,29.1,1.06,0,1,45,Neutral
TTD,TTD,2026-03-31,509762967.0,-15.01,-113918628.67234765,-121.04,38.9,0.75,0,1,20,Strong Distribution
TTWO,TTWO,2026-03-31,96603094.0,-8.96,55245711.18532905,-5.52,35.7,0.97,0,1,30,Distribution
TXN,TXN,2026-03-31,77990695.0,-32.64,269479962.0581567,-9.45,58.0,0.9,0,1,25,Strong Distribution
TXT,TXT,2026-03-31,86029971.0,-4.11,27349282.573665407,-13.33,54.6,0.74,0,1,35,Distribution
TYL,TYL,2026-03-31,2316427.0,-35.61,6383513.2101676315,-14.0,48.7,0.69,0,0,15,Strong Distribution
UAL,UAL,2026-03-31,-122893575.0,-31.39,96946103.93489537,-6.08,45.0,0.84,0,1,25,Strong Distribution
UBER,UBER,2026-03-31,478171364.0,-3.37,523900252.7165418,-11.0,41.8,0.79,0,0,35,Distribution
UDR,UDR,2026-03-31,-34500393.0,-40.09,43640388.93620635,-28.57,31.1,0.99,0,1,20,Strong Distribution
UHS,UHS,2026-03-31,24615844.0,-14.63,29383558.32322442,-5.27,42.8,0.7,0,0,20,Strong Distribution
ULTA,ULTA,2026-03-31,8533904.0,-49.97,-33157401.991575833,-26.36,27.3,0.66,0,3,10,Strong Distribution
UNH,UNH,2026-03-31,-30362249.0,-186.38,68436215.98135792,-39.6,23.9,0.89,0,1,15,Strong Distribution
UNP,UNP,2026-03-31,103518949.0,-7.82,-5680782.975789692,-313.38,50.7,0.91,0,0,25,Strong Distribution
UPS,UPS,2026-03-31,-163092590.0,-46.76,-87361773.90003364,-50.58,68.3,0.62,0,3,15,Strong Distribution
URI,URI,2026-03-31,29482713.0,-9.4,31821743.99059933,-5.66,30.1,0.85,0,0,30,Distribution
USB,USB,2026-03-31,-119096990.0,-44.15,392447527.7002346,-2.2,53.7,0.81,0,1,35,Distribution
V,V,2026-03-31,357657781.0,-1.0,113865147.64984311,-3.55,61.5,1.07,0,1,50,Neutral
VICI,VICI,2026-03-31,-127723326.0,-20.23,66014506.25494873,-36.07,47.3,0.75,0,1,20,Strong Distribution
VLO,VLO,2026-03-31,-35718085.0,-54.34,-31780336.743707485,-49.59,46.8,0.82,0,2,20,Strong Distribution
VLTO,VLTO,2026-03-31,-13760430.0,-389.79,17179092.28580072,-29.28,35.3,1.01,0,1,20,Strong Distribution
VMC,VMC,2026-03-31,71498427.0,-2.21,46086145.63220707,2.08,63.5,0.95,0,2,50,Neutral
VRSK,VRSK,2026-03-31,54028075.0,-8.42,75831814.59343366,-5.25,36.2,1.15,0,0,30,Distribution
VRSN,VRSN,2026-03-31,38603723.0,3.15,38419364.3407471,3.18,59.6,1.22,0,1,55,Accumulation
VRT,VRT,2026-03-31,727832370.0,-8.99,282919403.8090148,-25.16,21.1,0.5,0,2,15,Strong Distribution
VRTX,VRTX,2026-03-31,108948572.0,-8.77,44115235.29657238,-10.01,32.2,1.03,0,0,25,Strong Distribution
VST,VST,2026-03-31,254644927.0,0.79,63880801.41790496,-18.99,40.1,1.02,0,1,35,Distribution
VTR,VTR,2026-03-31,161954502.0,-4.23,91931217.00158457,-9.61,45.2,0.78,0,2,40,Distribution
VTRS,VTRS,2026-03-31,7176679.0,-91.26,-3396435.7033928516,-106.69,27.8,0.56,0,1,10,Strong Distribution
VZ,VZ,2026-03-31,-122289404.0,-136.72,-173503386.74308386,8.4,45.9,0.86,0,1,45,Neutral
WAB,WAB,2026-03-31,71605975.0,-7.01,95226003.86157458,-2.32,35.8,0.91,0,0,40,Distribution
WAT,WAT,2026-03-31,-18641418.0,-16.97,10885467.73018866,-32.17,65.2,0.78,0,0,20,Strong Distribution
WBD,WBD,2026-03-31,1776075761.0,-7.11,430663620.68760324,-0.58,38.1,0.86,0,1,40,Distribution
WDAY,WDAY,2026-03-31,156308601.0,10.17,50714669.42157499,-10.94,40.0,0.9,0,0,50,Neutral
WDC,WDC,2026-03-31,640998823.0,1.6,65613219.014320135,-0.76,36.0,0.99,0,0,50,Neutral
WEC,WEC,2026-03-31,56122548.0,-13.63,83558586.40476441,-3.94,49.4,0.77,0,1,35,Distribution
WELL,WELL,2026-03-31,188270239.0,-5.7,44234977.951035656,-10.4,43.2,0.72,0,1,25,Strong Distribution
WFC,WFC,2026-03-31,667003914.0,-7.51,239826460.2274592,6.02,56.1,0.76,0,1,50,Neutral
WM,WM,2026-03-31,159665155.0,-3.45,109805674.79764351,-4.04,41.0,0.78,0,0,50,Neutral
WMB,WMB,2026-03-31,598586388.0,-4.06,501184558.0338948,-5.49,52.3,0.9,0,1,40,Distribution
WMT,WMT,2026-03-31,1250719052.0,-2.05,641510244.8910007,-0.61,46.1,0.84,0,1,50,Neutral
WRB,WRB,2026-03-31,184169886.0,-6.87,34657106.20043863,-20.7,32.0,0.88,0,1,25,Strong Distribution
WSM,WSM,2026-03-31,151166311.0,-6.15,149495073.7052885,-1.59,43.1,0.88,0,2,40,Distribution
WST,WST,2026-03-31,23546801.0,4.97,26377114.23387026,-2.09,71.1,0.83,0,0,55,Accumulation
WTW,WTW,2026-03-31,17240874.0,-8.8,-3905348.3525442537,-57.19,61.9,0.91,0,0,25,Strong Distribution
WY,WY,2026-03-31,144552722.0,-14.26,20704012.86463502,9.82,66.6,0.86,0,0,45,Neutral
WYNN,WYNN,2026-03-31,-118181552.0,-1.57,-37621184.81002775,-16.89,48.5,0.8,0,0,35,Distribution
XEL,XEL,2026-03-31,248183026.0,-4.93,189760723.0819059,-8.04,34.5,0.85,0,1,40,Distribution
XOM,XOM,2026-03-31,924471026.0,33.0,-17118291.28177016,59.75,73.5,1.04,0,1,85,Strong Accumulation
XYL,XYL,2026-03-31,-19917766.0,-94.91,46464837.48404285,-7.32,58.0,0.78,0,1,25,Strong Distribution
XYZ,XYZ,2026-03-31,457216235.0,-4.72,280028771.87628335,-6.1,45.6,0.72,0,0,40,Distribution
YUM,YUM,2026-03-31,114801049.0,5.66,46043869.54856751,-4.13,59.2,0.9,0,1,60,Accumulation
ZBH,ZBH,2026-03-31,-57953805.0,-6.64,-11388964.332034355,4.33,46.6,0.9,0,0,40,Distribution
ZBRA,ZBRA,2026-03-31,-17861101.0,-40.65,1287981.6880889216,-70.71,31.6,0.75,0,1,20,Strong Distribution
ZS,ZS,2026-03-31,233813650.0,-3.68,203578238.32408592,-2.87,43.8,1.13,0,0,50,Neutral
ZTS,ZTS,2026-03-31,-52549532.0,-73.01,-56442527.05623231,-9.42,38.8,0.75,0,1,25,Strong Distribution
